,status_group
0,0
1,0
2,0
3,0
4,0
5,0
6,0
7,0
8,0
9,0
10,0
11,0
12,0
13,0
14,0
15,0
16,0
17,0
18,0
19,0
20,0
21,0
22,0
23,0
24,0
25,0
26,0
27,0
28,0
29,0
30,0
31,0
32,0
33,0
34,0
35,0
36,0
37,0
38,0
39,0
40,0
41,0
42,0
43,0
44,0
45,0
46,0
47,0
48,0
49,0
50,0
51,0
52,0
53,0
54,0
55,0
56,0
57,0
58,0
59,0
60,0
61,0
62,0
63,0
64,0
65,0
66,0
67,0
68,0
69,0
70,0
71,0
72,0
73,0
74,0
75,0
76,0
77,0
78,0
79,0
80,0
81,0
82,0
83,0
84,0
85,0
86,0
87,0
88,0
89,0
90,0
91,0
92,0
93,0
94,0
95,0
96,0
97,0
98,0
99,0
100,0
101,0
102,0
103,0
104,0
105,0
106,0
107,0
108,0
109,0
110,0
111,0
112,0
113,0
114,0
115,0
116,0
117,0
118,0
119,0
120,0
121,0
122,0
123,0
124,0
125,0
126,0
127,0
128,0
129,0
130,0
131,0
132,0
133,0
134,0
135,0
136,0
137,0
138,0
139,0
140,0
141,0
142,0
143,0
144,0
145,0
146,0
147,0
148,0
149,0
150,0
151,0
152,0
153,0
154,0
155,0
156,0
157,0
158,0
159,0
160,0
161,0
162,0
163,0
164,0
165,0
166,0
167,0
168,0
169,0
170,0
171,0
172,0
173,0
174,0
175,0
176,0
177,0
178,0
179,0
180,0
181,0
182,0
183,0
184,0
185,0
186,0
187,0
188,0
189,0
190,0
191,0
192,0
193,0
194,0
195,0
196,0
197,0
198,0
199,0
200,0
201,0
202,0
203,0
204,0
205,0
206,0
207,0
208,0
209,0
210,0
211,0
212,0
213,0
214,0
215,0
216,0
217,0
218,0
219,0
220,0
221,0
222,0
223,0
224,0
225,0
226,0
227,0
228,0
229,0
230,0
231,0
232,0
233,0
234,0
235,0
236,0
237,0
238,0
239,0
240,0
241,0
242,0
243,0
244,0
245,0
246,0
247,0
248,0
249,0
250,0
251,0
252,0
253,0
254,0
255,0
256,0
257,0
258,0
259,0
260,0
261,0
262,0
263,0
264,0
265,0
266,0
267,0
268,0
269,0
270,0
271,0
272,0
273,0
274,0
275,0
276,0
277,0
278,0
279,0
280,0
281,0
282,0
283,0
284,0
285,0
286,0
287,0
288,0
289,0
290,0
291,0
292,0
293,0
294,0
295,0
296,0
297,0
298,0
299,0
300,0
301,0
302,0
303,0
304,0
305,0
306,0
307,0
308,0
309,0
310,0
311,0
312,0
313,0
314,0
315,0
316,0
317,0
318,0
319,0
320,0
321,0
322,0
323,0
324,0
325,0
326,0
327,0
328,0
329,0
330,0
331,0
332,0
333,0
334,0
335,0
336,0
337,0
338,0
339,0
340,0
341,0
342,0
343,0
344,0
345,0
346,0
347,0
348,0
349,0
350,0
351,0
352,0
353,0
354,0
355,0
356,0
357,0
358,0
359,0
360,0
361,0
362,0
363,0
364,0
365,0
366,0
367,0
368,0
369,0
370,0
371,0
372,0
373,0
374,0
375,0
376,0
377,0
378,0
379,0
380,0
381,0
382,0
383,0
384,0
385,0
386,0
387,0
388,0
389,0
390,0
391,0
392,0
393,0
394,0
395,0
396,0
397,0
398,0
399,0
400,0
401,0
402,0
403,0
404,0
405,0
406,0
407,0
408,0
409,0
410,0
411,0
412,0
413,0
414,0
415,0
416,0
417,0
418,0
419,0
420,0
421,0
422,0
423,0
424,0
425,0
426,0
427,0
428,0
429,0
430,0
431,0
432,0
433,0
434,0
435,0
436,0
437,0
438,0
439,0
440,0
441,0
442,0
443,0
444,0
445,0
446,0
447,0
448,0
449,0
450,0
451,0
452,0
453,0
454,0
455,0
456,0
457,0
458,0
459,0
460,0
461,0
462,0
463,0
464,0
465,0
466,0
467,0
468,0
469,0
470,0
471,0
472,0
473,0
474,0
475,0
476,0
477,0
478,0
479,0
480,0
481,0
482,0
483,0
484,0
485,0
486,0
487,0
488,0
489,0
490,0
491,0
492,0
493,0
494,0
495,0
496,0
497,0
498,0
499,0
500,0
501,0
502,0
503,0
504,0
505,0
506,0
507,0
508,0
509,0
510,0
511,0
512,0
513,0
514,0
515,0
516,0
517,0
518,0
519,0
520,0
521,0
522,0
523,0
524,0
525,0
526,0
527,0
528,0
529,0
530,0
531,0
532,0
533,0
534,0
535,0
536,0
537,0
538,0
539,0
540,0
541,0
542,0
543,0
544,0
545,0
546,0
547,0
548,0
549,0
550,0
551,0
552,0
553,0
554,0
555,0
556,0
557,0
558,0
559,0
560,0
561,0
562,0
563,0
564,0
565,0
566,0
567,0
568,0
569,0
570,0
571,0
572,0
573,0
574,0
575,0
576,0
577,0
578,0
579,0
580,0
581,0
582,0
583,0
584,0
585,0
586,0
587,0
588,0
589,0
590,0
591,0
592,0
593,0
594,0
595,0
596,0
597,0
598,0
599,0
600,0
601,0
602,0
603,0
604,0
605,0
606,0
607,0
608,0
609,0
610,0
611,0
612,0
613,0
614,0
615,0
616,0
617,0
618,0
619,0
620,0
621,0
622,0
623,0
624,0
625,0
626,0
627,0
628,0
629,0
630,0
631,0
632,0
633,0
634,0
635,0
636,0
637,0
638,0
639,0
640,0
641,0
642,0
643,0
644,0
645,0
646,0
647,0
648,0
649,0
650,0
651,0
652,0
653,0
654,0
655,0
656,0
657,0
658,0
659,0
660,0
661,0
662,0
663,0
664,0
665,0
666,0
667,0
668,0
669,0
670,0
671,0
672,0
673,0
674,0
675,0
676,0
677,0
678,0
679,0
680,0
681,0
682,0
683,0
684,0
685,0
686,0
687,0
688,0
689,0
690,0
691,0
692,0
693,0
694,0
695,0
696,0
697,0
698,0
699,0
700,0
701,0
702,0
703,0
704,0
705,0
706,0
707,0
708,0
709,0
710,0
711,0
712,0
713,0
714,0
715,0
716,0
717,0
718,0
719,0
720,0
721,0
722,0
723,0
724,0
725,0
726,0
727,0
728,0
729,0
730,0
731,0
732,0
733,0
734,0
735,0
736,0
737,0
738,0
739,0
740,0
741,0
742,0
743,0
744,0
745,0
746,0
747,0
748,0
749,0
750,0
751,0
752,0
753,0
754,0
755,0
756,0
757,0
758,0
759,0
760,0
761,0
762,0
763,0
764,0
765,0
766,0
767,0
768,0
769,0
770,0
771,0
772,0
773,0
774,0
775,0
776,0
777,0
778,0
779,0
780,0
781,0
782,0
783,0
784,0
785,0
786,0
787,0
788,0
789,0
790,0
791,0
792,0
793,0
794,0
795,0
796,0
797,0
798,0
799,0
800,0
801,0
802,0
803,0
804,0
805,0
806,0
807,0
808,0
809,0
810,0
811,0
812,0
813,0
814,0
815,0
816,0
817,0
818,0
819,0
820,0
821,0
822,0
823,0
824,0
825,0
826,0
827,0
828,0
829,0
830,0
831,0
832,0
833,0
834,0
835,0
836,0
837,0
838,0
839,0
840,0
841,0
842,0
843,0
844,0
845,0
846,0
847,0
848,0
849,0
850,0
851,0
852,0
853,0
854,0
855,0
856,0
857,0
858,0
859,0
860,0
861,0
862,0
863,0
864,0
865,0
866,0
867,0
868,0
869,0
870,0
871,0
872,0
873,0
874,0
875,0
876,0
877,0
878,0
879,0
880,0
881,0
882,0
883,0
884,0
885,0
886,0
887,0
888,0
889,0
890,0
891,0
892,0
893,0
894,0
895,0
896,0
897,0
898,0
899,0
900,0
901,0
902,0
903,0
904,0
905,0
906,0
907,0
908,0
909,0
910,0
911,0
912,0
913,0
914,0
915,0
916,0
917,0
918,0
919,0
920,0
921,0
922,0
923,0
924,0
925,0
926,0
927,0
928,0
929,0
930,0
931,0
932,0
933,0
934,0
935,0
936,0
937,0
938,0
939,0
940,0
941,0
942,0
943,0
944,0
945,0
946,0
947,0
948,0
949,0
950,0
951,0
952,0
953,0
954,0
955,0
956,0
957,0
958,0
959,0
960,0
961,0
962,0
963,0
964,0
965,0
966,0
967,0
968,0
969,0
970,0
971,0
972,0
973,0
974,0
975,0
976,0
977,0
978,0
979,0
980,0
981,0
982,0
983,0
984,0
985,0
986,0
987,0
988,0
989,0
990,0
991,0
992,0
993,0
994,0
995,0
996,0
997,0
998,0
999,0
1000,0
1001,0
1002,0
1003,0
1004,0
1005,0
1006,0
1007,0
1008,0
1009,0
1010,0
1011,0
1012,0
1013,0
1014,0
1015,0
1016,0
1017,0
1018,0
1019,0
1020,0
1021,0
1022,0
1023,0
1024,0
1025,0
1026,0
1027,0
1028,0
1029,0
1030,0
1031,0
1032,0
1033,0
1034,0
1035,0
1036,0
1037,0
1038,0
1039,0
1040,0
1041,0
1042,0
1043,0
1044,0
1045,0
1046,0
1047,0
1048,0
1049,0
1050,0
1051,0
1052,0
1053,0
1054,0
1055,0
1056,0
1057,0
1058,0
1059,0
1060,0
1061,0
1062,0
1063,0
1064,0
1065,0
1066,0
1067,0
1068,0
1069,0
1070,0
1071,0
1072,0
1073,0
1074,0
1075,0
1076,0
1077,0
1078,0
1079,0
1080,0
1081,0
1082,0
1083,0
1084,0
1085,0
1086,0
1087,0
1088,0
1089,0
1090,0
1091,0
1092,0
1093,0
1094,0
1095,0
1096,0
1097,0
1098,0
1099,0
1100,0
1101,0
1102,0
1103,0
1104,0
1105,0
1106,0
1107,0
1108,0
1109,0
1110,0
1111,0
1112,0
1113,0
1114,0
1115,0
1116,0
1117,0
1118,0
1119,0
1120,0
1121,0
1122,0
1123,0
1124,0
1125,0
1126,0
1127,0
1128,0
1129,0
1130,0
1131,0
1132,0
1133,0
1134,0
1135,0
1136,0
1137,0
1138,0
1139,0
1140,0
1141,0
1142,0
1143,0
1144,0
1145,0
1146,0
1147,0
1148,0
1149,0
1150,0
1151,0
1152,0
1153,0
1154,0
1155,0
1156,0
1157,0
1158,0
1159,0
1160,0
1161,0
1162,0
1163,0
1164,0
1165,0
1166,0
1167,0
1168,0
1169,0
1170,0
1171,0
1172,0
1173,0
1174,0
1175,0
1176,0
1177,0
1178,0
1179,0
1180,0
1181,0
1182,0
1183,0
1184,0
1185,0
1186,0
1187,0
1188,0
1189,0
1190,0
1191,0
1192,0
1193,0
1194,0
1195,0
1196,0
1197,0
1198,0
1199,0
1200,0
1201,0
1202,0
1203,0
1204,0
1205,0
1206,0
1207,0
1208,0
1209,0
1210,0
1211,0
1212,0
1213,0
1214,0
1215,0
1216,0
1217,0
1218,0
1219,0
1220,0
1221,0
1222,0
1223,0
1224,0
1225,0
1226,0
1227,0
1228,0
1229,0
1230,0
1231,0
1232,0
1233,0
1234,0
1235,0
1236,0
1237,0
1238,0
1239,0
1240,0
1241,0
1242,0
1243,0
1244,0
1245,0
1246,0
1247,0
1248,0
1249,0
1250,0
1251,0
1252,0
1253,0
1254,0
1255,0
1256,0
1257,0
1258,0
1259,0
1260,0
1261,0
1262,0
1263,0
1264,0
1265,0
1266,0
1267,0
1268,0
1269,0
1270,0
1271,0
1272,0
1273,0
1274,0
1275,0
1276,0
1277,0
1278,0
1279,0
1280,0
1281,0
1282,0
1283,0
1284,0
1285,0
1286,0
1287,0
1288,0
1289,0
1290,0
1291,0
1292,0
1293,0
1294,0
1295,0
1296,0
1297,0
1298,0
1299,0
1300,0
1301,0
1302,0
1303,0
1304,0
1305,0
1306,0
1307,0
1308,0
1309,0
1310,0
1311,0
1312,0
1313,0
1314,0
1315,0
1316,0
1317,0
1318,0
1319,0
1320,0
1321,0
1322,0
1323,0
1324,0
1325,0
1326,0
1327,0
1328,0
1329,0
1330,0
1331,0
1332,0
1333,0
1334,0
1335,0
1336,0
1337,0
1338,0
1339,0
1340,0
1341,0
1342,0
1343,0
1344,0
1345,0
1346,0
1347,0
1348,0
1349,0
1350,0
1351,0
1352,0
1353,0
1354,0
1355,0
1356,0
1357,0
1358,0
1359,0
1360,0
1361,0
1362,0
1363,0
1364,0
1365,0
1366,0
1367,0
1368,0
1369,0
1370,0
1371,0
1372,0
1373,0
1374,0
1375,0
1376,0
1377,0
1378,0
1379,0
1380,0
1381,0
1382,0
1383,0
1384,0
1385,0
1386,0
1387,0
1388,0
1389,0
1390,0
1391,0
1392,0
1393,0
1394,0
1395,0
1396,0
1397,0
1398,0
1399,0
1400,0
1401,0
1402,0
1403,0
1404,0
1405,0
1406,0
1407,0
1408,0
1409,0
1410,0
1411,0
1412,0
1413,0
1414,0
1415,0
1416,0
1417,0
1418,0
1419,0
1420,0
1421,0
1422,0
1423,0
1424,0
1425,0
1426,0
1427,0
1428,0
1429,0
1430,0
1431,0
1432,0
1433,0
1434,0
1435,0
1436,0
1437,0
1438,0
1439,0
1440,0
1441,0
1442,0
1443,0
1444,0
1445,0
1446,0
1447,0
1448,0
1449,0
1450,0
1451,0
1452,0
1453,0
1454,0
1455,0
1456,0
1457,0
1458,0
1459,0
1460,0
1461,0
1462,0
1463,0
1464,0
1465,0
1466,0
1467,0
1468,0
1469,0
1470,0
1471,0
1472,0
1473,0
1474,0
1475,0
1476,0
1477,0
1478,0
1479,0
1480,0
1481,0
1482,0
1483,0
1484,0
1485,0
1486,0
1487,0
1488,0
1489,0
1490,0
1491,0
1492,0
1493,0
1494,0
1495,0
1496,0
1497,0
1498,0
1499,0
1500,0
1501,0
1502,0
1503,0
1504,0
1505,0
1506,0
1507,0
1508,0
1509,0
1510,0
1511,0
1512,0
1513,0
1514,0
1515,0
1516,0
1517,0
1518,0
1519,0
1520,0
1521,0
1522,0
1523,0
1524,0
1525,0
1526,0
1527,0
1528,0
1529,0
1530,0
1531,0
1532,0
1533,0
1534,0
1535,0
1536,0
1537,0
1538,0
1539,0
1540,0
1541,0
1542,0
1543,0
1544,0
1545,0
1546,0
1547,0
1548,0
1549,0
1550,0
1551,0
1552,0
1553,0
1554,0
1555,0
1556,0
1557,0
1558,0
1559,0
1560,0
1561,0
1562,0
1563,0
1564,0
1565,0
1566,0
1567,0
1568,0
1569,0
1570,0
1571,0
1572,0
1573,0
1574,0
1575,0
1576,0
1577,0
1578,0
1579,0
1580,0
1581,0
1582,0
1583,0
1584,0
1585,0
1586,0
1587,0
1588,0
1589,0
1590,0
1591,0
1592,0
1593,0
1594,0
1595,0
1596,0
1597,0
1598,0
1599,0
1600,0
1601,0
1602,0
1603,0
1604,0
1605,0
1606,0
1607,0
1608,0
1609,0
1610,0
1611,0
1612,0
1613,0
1614,0
1615,0
1616,0
1617,0
1618,0
1619,0
1620,0
1621,0
1622,0
1623,0
1624,0
1625,0
1626,0
1627,0
1628,0
1629,0
1630,0
1631,0
1632,0
1633,0
1634,0
1635,0
1636,0
1637,0
1638,0
1639,0
1640,0
1641,0
1642,0
1643,0
1644,0
1645,0
1646,0
1647,0
1648,0
1649,0
1650,0
1651,0
1652,0
1653,0
1654,0
1655,0
1656,0
1657,0
1658,0
1659,0
1660,0
1661,0
1662,0
1663,0
1664,0
1665,0
1666,0
1667,0
1668,0
1669,0
1670,0
1671,0
1672,0
1673,0
1674,0
1675,0
1676,0
1677,0
1678,0
1679,0
1680,0
1681,0
1682,0
1683,0
1684,0
1685,0
1686,0
1687,0
1688,0
1689,0
1690,0
1691,0
1692,0
1693,0
1694,0
1695,0
1696,0
1697,0
1698,0
1699,0
1700,0
1701,0
1702,0
1703,0
1704,0
1705,0
1706,0
1707,0
1708,0
1709,0
1710,0
1711,0
1712,0
1713,0
1714,0
1715,0
1716,0
1717,0
1718,0
1719,0
1720,0
1721,0
1722,0
1723,0
1724,0
1725,0
1726,0
1727,0
1728,0
1729,0
1730,0
1731,0
1732,0
1733,0
1734,0
1735,0
1736,0
1737,0
1738,0
1739,0
1740,0
1741,0
1742,0
1743,0
1744,0
1745,0
1746,0
1747,0
1748,0
1749,0
1750,0
1751,0
1752,0
1753,0
1754,0
1755,0
1756,0
1757,0
1758,0
1759,0
1760,0
1761,0
1762,0
1763,0
1764,0
1765,0
1766,0
1767,0
1768,0
1769,0
1770,0
1771,0
1772,0
1773,0
1774,0
1775,0
1776,0
1777,0
1778,0
1779,0
1780,0
1781,0
1782,0
1783,0
1784,0
1785,0
1786,0
1787,0
1788,0
1789,0
1790,0
1791,0
1792,0
1793,0
1794,0
1795,0
1796,0
1797,0
1798,0
1799,0
1800,0
1801,0
1802,0
1803,0
1804,0
1805,0
1806,0
1807,0
1808,0
1809,0
1810,0
1811,0
1812,0
1813,0
1814,0
1815,0
1816,0
1817,0
1818,0
1819,0
1820,0
1821,0
1822,0
1823,0
1824,0
1825,0
1826,0
1827,0
1828,0
1829,0
1830,0
1831,0
1832,0
1833,0
1834,0
1835,0
1836,0
1837,0
1838,0
1839,0
1840,0
1841,0
1842,0
1843,0
1844,0
1845,0
1846,0
1847,0
1848,0
1849,0
1850,0
1851,0
1852,0
1853,0
1854,0
1855,0
1856,0
1857,0
1858,0
1859,0
1860,0
1861,0
1862,0
1863,0
1864,0
1865,0
1866,0
1867,0
1868,0
1869,0
1870,0
1871,0
1872,0
1873,0
1874,0
1875,0
1876,0
1877,0
1878,0
1879,0
1880,0
1881,0
1882,0
1883,0
1884,0
1885,0
1886,0
1887,0
1888,0
1889,0
1890,0
1891,0
1892,0
1893,0
1894,0
1895,0
1896,0
1897,0
1898,0
1899,0
1900,0
1901,0
1902,0
1903,0
1904,0
1905,0
1906,0
1907,0
1908,0
1909,0
1910,0
1911,0
1912,0
1913,0
1914,0
1915,0
1916,0
1917,0
1918,0
1919,0
1920,0
1921,0
1922,0
1923,0
1924,0
1925,0
1926,0
1927,0
1928,0
1929,0
1930,0
1931,0
1932,0
1933,0
1934,0
1935,0
1936,0
1937,0
1938,0
1939,0
1940,0
1941,0
1942,0
1943,0
1944,0
1945,0
1946,0
1947,0
1948,0
1949,0
1950,0
1951,0
1952,0
1953,0
1954,0
1955,0
1956,0
1957,0
1958,0
1959,0
1960,0
1961,0
1962,0
1963,0
1964,0
1965,0
1966,0
1967,0
1968,0
1969,0
1970,0
1971,0
1972,0
1973,0
1974,0
1975,0
1976,0
1977,0
1978,0
1979,0
1980,0
1981,0
1982,0
1983,0
1984,0
1985,0
1986,0
1987,0
1988,0
1989,0
1990,0
1991,0
1992,0
1993,0
1994,0
1995,0
1996,0
1997,0
1998,0
1999,0
2000,0
2001,0
2002,0
2003,0
2004,0
2005,0
2006,0
2007,0
2008,0
2009,0
2010,0
2011,0
2012,0
2013,0
2014,0
2015,0
2016,0
2017,0
2018,0
2019,0
2020,0
2021,0
2022,0
2023,0
2024,0
2025,0
2026,0
2027,0
2028,0
2029,0
2030,0
2031,0
2032,0
2033,0
2034,0
2035,0
2036,0
2037,0
2038,0
2039,0
2040,0
2041,0
2042,0
2043,0
2044,0
2045,0
2046,0
2047,0
2048,0
2049,0
2050,0
2051,0
2052,0
2053,0
2054,0
2055,0
2056,0
2057,0
2058,0
2059,0
2060,0
2061,0
2062,0
2063,0
2064,0
2065,0
2066,0
2067,0
2068,0
2069,0
2070,0
2071,0
2072,0
2073,0
2074,0
2075,0
2076,0
2077,0
2078,0
2079,0
2080,0
2081,0
2082,0
2083,0
2084,0
2085,0
2086,0
2087,0
2088,0
2089,0
2090,0
2091,0
2092,0
2093,0
2094,0
2095,0
2096,0
2097,0
2098,0
2099,0
2100,0
2101,0
2102,0
2103,0
2104,0
2105,0
2106,0
2107,0
2108,0
2109,0
2110,0
2111,0
2112,0
2113,0
2114,0
2115,0
2116,0
2117,0
2118,0
2119,0
2120,0
2121,0
2122,0
2123,0
2124,0
2125,0
2126,0
2127,0
2128,0
2129,0
2130,0
2131,0
2132,0
2133,0
2134,0
2135,0
2136,0
2137,0
2138,0
2139,0
2140,0
2141,0
2142,0
2143,0
2144,0
2145,0
2146,0
2147,0
2148,0
2149,0
2150,0
2151,0
2152,0
2153,0
2154,0
2155,0
2156,0
2157,0
2158,0
2159,0
2160,0
2161,0
2162,0
2163,0
2164,0
2165,0
2166,0
2167,0
2168,0
2169,0
2170,0
2171,0
2172,0
2173,0
2174,0
2175,0
2176,0
2177,0
2178,0
2179,0
2180,0
2181,0
2182,0
2183,0
2184,0
2185,0
2186,0
2187,0
2188,0
2189,0
2190,0
2191,0
2192,0
2193,0
2194,0
2195,0
2196,0
2197,0
2198,0
2199,0
2200,0
2201,0
2202,0
2203,0
2204,0
2205,0
2206,0
2207,0
2208,0
2209,0
2210,0
2211,0
2212,0
2213,0
2214,0
2215,0
2216,0
2217,0
2218,0
2219,0
2220,0
2221,0
2222,0
2223,0
2224,0
2225,0
2226,0
2227,0
2228,0
2229,0
2230,0
2231,0
2232,0
2233,0
2234,0
2235,0
2236,0
2237,0
2238,0
2239,0
2240,0
2241,0
2242,0
2243,0
2244,0
2245,0
2246,0
2247,0
2248,0
2249,0
2250,0
2251,0
2252,0
2253,0
2254,0
2255,0
2256,0
2257,0
2258,0
2259,0
2260,0
2261,0
2262,0
2263,0
2264,0
2265,0
2266,0
2267,0
2268,0
2269,0
2270,0
2271,0
2272,0
2273,0
2274,0
2275,0
2276,0
2277,0
2278,0
2279,0
2280,0
2281,0
2282,0
2283,0
2284,0
2285,0
2286,0
2287,0
2288,0
2289,0
2290,0
2291,0
2292,0
2293,0
2294,0
2295,0
2296,0
2297,0
2298,0
2299,0
2300,0
2301,0
2302,0
2303,0
2304,0
2305,0
2306,0
2307,0
2308,0
2309,0
2310,0
2311,0
2312,0
2313,0
2314,0
2315,0
2316,0
2317,0
2318,0
2319,0
2320,0
2321,0
2322,0
2323,0
2324,0
2325,0
2326,0
2327,0
2328,0
2329,0
2330,0
2331,0
2332,0
2333,0
2334,0
2335,0
2336,0
2337,0
2338,0
2339,0
2340,0
2341,0
2342,0
2343,0
2344,0
2345,0
2346,0
2347,0
2348,0
2349,0
2350,0
2351,0
2352,0
2353,0
2354,0
2355,0
2356,0
2357,0
2358,0
2359,0
2360,0
2361,0
2362,0
2363,0
2364,0
2365,0
2366,0
2367,0
2368,0
2369,0
2370,0
2371,0
2372,0
2373,0
2374,0
2375,0
2376,0
2377,0
2378,0
2379,0
2380,0
2381,0
2382,0
2383,0
2384,0
2385,0
2386,0
2387,0
2388,0
2389,0
2390,0
2391,0
2392,0
2393,0
2394,0
2395,0
2396,0
2397,0
2398,0
2399,0
2400,0
2401,0
2402,0
2403,0
2404,0
2405,0
2406,0
2407,0
2408,0
2409,0
2410,0
2411,0
2412,0
2413,0
2414,0
2415,0
2416,0
2417,0
2418,0
2419,0
2420,0
2421,0
2422,0
2423,0
2424,0
2425,0
2426,0
2427,0
2428,0
2429,0
2430,0
2431,0
2432,0
2433,0
2434,0
2435,0
2436,0
2437,0
2438,0
2439,0
2440,0
2441,0
2442,0
2443,0
2444,0
2445,0
2446,0
2447,0
2448,0
2449,0
2450,0
2451,0
2452,0
2453,0
2454,0
2455,0
2456,0
2457,0
2458,0
2459,0
2460,0
2461,0
2462,0
2463,0
2464,0
2465,0
2466,0
2467,0
2468,0
2469,0
2470,0
2471,0
2472,0
2473,0
2474,0
2475,0
2476,0
2477,0
2478,0
2479,0
2480,0
2481,0
2482,0
2483,0
2484,0
2485,0
2486,0
2487,0
2488,0
2489,0
2490,0
2491,0
2492,0
2493,0
2494,0
2495,0
2496,0
2497,0
2498,0
2499,0
2500,0
2501,0
2502,0
2503,0
2504,0
2505,0
2506,0
2507,0
2508,0
2509,0
2510,0
2511,0
2512,0
2513,0
2514,0
2515,0
2516,0
2517,0
2518,0
2519,0
2520,0
2521,0
2522,0
2523,0
2524,0
2525,0
2526,0
2527,0
2528,0
2529,0
2530,0
2531,0
2532,0
2533,0
2534,0
2535,0
2536,0
2537,0
2538,0
2539,0
2540,0
2541,0
2542,0
2543,0
2544,0
2545,0
2546,0
2547,0
2548,0
2549,0
2550,0
2551,0
2552,0
2553,0
2554,0
2555,0
2556,0
2557,0
2558,0
2559,0
2560,0
2561,0
2562,0
2563,0
2564,0
2565,0
2566,0
2567,0
2568,0
2569,0
2570,0
2571,0
2572,0
2573,0
2574,0
2575,0
2576,0
2577,0
2578,0
2579,0
2580,0
2581,0
2582,0
2583,0
2584,0
2585,0
2586,0
2587,0
2588,0
2589,0
2590,0
2591,0
2592,0
2593,0
2594,0
2595,0
2596,0
2597,0
2598,0
2599,0
2600,0
2601,0
2602,0
2603,0
2604,0
2605,0
2606,0
2607,0
2608,0
2609,0
2610,0
2611,0
2612,0
2613,0
2614,0
2615,0
2616,0
2617,0
2618,0
2619,0
2620,0
2621,0
2622,0
2623,0
2624,0
2625,0
2626,0
2627,0
2628,0
2629,0
2630,0
2631,0
2632,0
2633,0
2634,0
2635,0
2636,0
2637,0
2638,0
2639,0
2640,0
2641,0
2642,0
2643,0
2644,0
2645,0
2646,0
2647,0
2648,0
2649,0
2650,0
2651,0
2652,0
2653,0
2654,0
2655,0
2656,0
2657,0
2658,0
2659,0
2660,0
2661,0
2662,0
2663,0
2664,0
2665,0
2666,0
2667,0
2668,0
2669,0
2670,0
2671,0
2672,0
2673,0
2674,0
2675,0
2676,0
2677,0
2678,0
2679,0
2680,0
2681,0
2682,0
2683,0
2684,0
2685,0
2686,0
2687,0
2688,0
2689,0
2690,0
2691,0
2692,0
2693,0
2694,0
2695,0
2696,0
2697,0
2698,0
2699,0
2700,0
2701,0
2702,0
2703,0
2704,0
2705,0
2706,0
2707,0
2708,0
2709,0
2710,0
2711,0
2712,0
2713,0
2714,0
2715,0
2716,0
2717,0
2718,0
2719,0
2720,0
2721,0
2722,0
2723,0
2724,0
2725,0
2726,0
2727,0
2728,0
2729,0
2730,0
2731,0
2732,0
2733,0
2734,0
2735,0
2736,0
2737,0
2738,0
2739,0
2740,0
2741,0
2742,0
2743,0
2744,0
2745,0
2746,0
2747,0
2748,0
2749,0
2750,0
2751,0
2752,0
2753,0
2754,0
2755,0
2756,0
2757,0
2758,0
2759,0
2760,0
2761,0
2762,0
2763,0
2764,0
2765,0
2766,0
2767,0
2768,0
2769,0
2770,0
2771,0
2772,0
2773,0
2774,0
2775,0
2776,0
2777,0
2778,0
2779,0
2780,0
2781,0
2782,0
2783,0
2784,0
2785,0
2786,0
2787,0
2788,0
2789,0
2790,0
2791,0
2792,0
2793,0
2794,0
2795,0
2796,0
2797,0
2798,0
2799,0
2800,0
2801,0
2802,0
2803,0
2804,0
2805,0
2806,0
2807,0
2808,0
2809,0
2810,0
2811,0
2812,0
2813,0
2814,0
2815,0
2816,0
2817,0
2818,0
2819,0
2820,0
2821,0
2822,0
2823,0
2824,0
2825,0
2826,0
2827,0
2828,0
2829,0
2830,0
2831,0
2832,0
2833,0
2834,0
2835,0
2836,0
2837,0
2838,0
2839,0
2840,0
2841,0
2842,0
2843,0
2844,0
2845,0
2846,0
2847,0
2848,0
2849,0
2850,0
2851,0
2852,0
2853,0
2854,0
2855,0
2856,0
2857,0
2858,0
2859,0
2860,0
2861,0
2862,0
2863,0
2864,0
2865,0
2866,0
2867,0
2868,0
2869,0
2870,0
2871,0
2872,0
2873,0
2874,0
2875,0
2876,0
2877,0
2878,0
2879,0
2880,0
2881,0
2882,0
2883,0
2884,0
2885,0
2886,0
2887,0
2888,0
2889,0
2890,0
2891,0
2892,0
2893,0
2894,0
2895,0
2896,0
2897,0
2898,0
2899,0
2900,0
2901,0
2902,0
2903,0
2904,0
2905,0
2906,0
2907,0
2908,0
2909,0
2910,0
2911,0
2912,0
2913,0
2914,0
2915,0
2916,0
2917,0
2918,0
2919,0
2920,0
2921,0
2922,0
2923,0
2924,0
2925,0
2926,0
2927,0
2928,0
2929,0
2930,0
2931,0
2932,0
2933,0
2934,0
2935,0
2936,0
2937,0
2938,0
2939,0
2940,0
2941,0
2942,0
2943,0
2944,0
2945,0
2946,0
2947,0
2948,0
2949,0
2950,0
2951,0
2952,0
2953,0
2954,0
2955,0
2956,0
2957,0
2958,0
2959,0
2960,0
2961,0
2962,0
2963,0
2964,0
2965,0
2966,0
2967,0
2968,0
2969,0
2970,0
2971,0
2972,0
2973,0
2974,0
2975,0
2976,0
2977,0
2978,0
2979,0
2980,0
2981,0
2982,0
2983,0
2984,0
2985,0
2986,0
2987,0
2988,0
2989,0
2990,0
2991,0
2992,0
2993,0
2994,0
2995,0
2996,0
2997,0
2998,0
2999,0
3000,0
3001,0
3002,0
3003,0
3004,0
3005,0
3006,0
3007,0
3008,0
3009,0
3010,0
3011,0
3012,0
3013,0
3014,0
3015,0
3016,0
3017,0
3018,0
3019,0
3020,0
3021,0
3022,0
3023,0
3024,0
3025,0
3026,0
3027,0
3028,0
3029,0
3030,0
3031,0
3032,0
3033,0
3034,0
3035,0
3036,0
3037,0
3038,0
3039,0
3040,0
3041,0
3042,0
3043,0
3044,0
3045,0
3046,0
3047,0
3048,0
3049,0
3050,0
3051,0
3052,0
3053,0
3054,0
3055,0
3056,0
3057,0
3058,0
3059,0
3060,0
3061,0
3062,0
3063,0
3064,0
3065,0
3066,0
3067,0
3068,0
3069,0
3070,0
3071,0
3072,0
3073,0
3074,0
3075,0
3076,0
3077,0
3078,0
3079,0
3080,0
3081,0
3082,0
3083,0
3084,0
3085,0
3086,0
3087,0
3088,0
3089,0
3090,0
3091,0
3092,0
3093,0
3094,0
3095,0
3096,0
3097,0
3098,0
3099,0
3100,0
3101,0
3102,0
3103,0
3104,0
3105,0
3106,0
3107,0
3108,0
3109,0
3110,0
3111,0
3112,0
3113,0
3114,0
3115,0
3116,0
3117,0
3118,0
3119,0
3120,0
3121,0
3122,0
3123,0
3124,0
3125,0
3126,0
3127,0
3128,0
3129,0
3130,0
3131,0
3132,0
3133,0
3134,0
3135,0
3136,0
3137,0
3138,0
3139,0
3140,0
3141,0
3142,0
3143,0
3144,0
3145,0
3146,0
3147,0
3148,0
3149,0
3150,0
3151,0
3152,0
3153,0
3154,0
3155,0
3156,0
3157,0
3158,0
3159,0
3160,0
3161,0
3162,0
3163,0
3164,0
3165,0
3166,0
3167,0
3168,0
3169,0
3170,0
3171,0
3172,0
3173,0
3174,0
3175,0
3176,0
3177,0
3178,0
3179,0
3180,0
3181,0
3182,0
3183,0
3184,0
3185,0
3186,0
3187,0
3188,0
3189,0
3190,0
3191,0
3192,0
3193,0
3194,0
3195,0
3196,0
3197,0
3198,0
3199,0
3200,0
3201,0
3202,0
3203,0
3204,0
3205,0
3206,0
3207,0
3208,0
3209,0
3210,0
3211,0
3212,0
3213,0
3214,0
3215,0
3216,0
3217,0
3218,0
3219,0
3220,0
3221,0
3222,0
3223,0
3224,0
3225,0
3226,0
3227,0
3228,0
3229,0
3230,0
3231,0
3232,0
3233,0
3234,0
3235,0
3236,0
3237,0
3238,0
3239,0
3240,0
3241,0
3242,0
3243,0
3244,0
3245,0
3246,0
3247,0
3248,0
3249,0
3250,0
3251,0
3252,0
3253,0
3254,0
3255,0
3256,0
3257,0
3258,0
3259,0
3260,0
3261,0
3262,0
3263,0
3264,0
3265,0
3266,0
3267,0
3268,0
3269,0
3270,0
3271,0
3272,0
3273,0
3274,0
3275,0
3276,0
3277,0
3278,0
3279,0
3280,0
3281,0
3282,0
3283,0
3284,0
3285,0
3286,0
3287,0
3288,0
3289,0
3290,0
3291,0
3292,0
3293,0
3294,0
3295,0
3296,0
3297,0
3298,0
3299,0
3300,0
3301,0
3302,0
3303,0
3304,0
3305,0
3306,0
3307,0
3308,0
3309,0
3310,0
3311,0
3312,0
3313,0
3314,0
3315,0
3316,0
3317,0
3318,0
3319,0
3320,0
3321,0
3322,0
3323,0
3324,0
3325,0
3326,0
3327,0
3328,0
3329,0
3330,0
3331,0
3332,0
3333,0
3334,0
3335,0
3336,0
3337,0
3338,0
3339,0
3340,0
3341,0
3342,0
3343,0
3344,0
3345,0
3346,0
3347,0
3348,0
3349,0
3350,0
3351,0
3352,0
3353,0
3354,0
3355,0
3356,0
3357,0
3358,0
3359,0
3360,0
3361,0
3362,0
3363,0
3364,0
3365,0
3366,0
3367,0
3368,0
3369,0
3370,0
3371,0
3372,0
3373,0
3374,0
3375,0
3376,0
3377,0
3378,0
3379,0
3380,0
3381,0
3382,0
3383,0
3384,0
3385,0
3386,0
3387,0
3388,0
3389,0
3390,0
3391,0
3392,0
3393,0
3394,0
3395,0
3396,0
3397,0
3398,0
3399,0
3400,0
3401,0
3402,0
3403,0
3404,0
3405,0
3406,0
3407,0
3408,0
3409,0
3410,0
3411,0
3412,0
3413,0
3414,0
3415,0
3416,0
3417,0
3418,0
3419,0
3420,0
3421,0
3422,0
3423,0
3424,0
3425,0
3426,0
3427,0
3428,0
3429,0
3430,0
3431,0
3432,0
3433,0
3434,0
3435,0
3436,0
3437,0
3438,0
3439,0
3440,0
3441,0
3442,0
3443,0
3444,0
3445,0
3446,0
3447,0
3448,0
3449,0
3450,0
3451,0
3452,0
3453,0
3454,0
3455,0
3456,0
3457,0
3458,0
3459,0
3460,0
3461,0
3462,0
3463,0
3464,0
3465,0
3466,0
3467,0
3468,0
3469,0
3470,0
3471,0
3472,0
3473,0
3474,0
3475,0
3476,0
3477,0
3478,0
3479,0
3480,0
3481,0
3482,0
3483,0
3484,0
3485,0
3486,0
3487,0
3488,0
3489,0
3490,0
3491,0
3492,0
3493,0
3494,0
3495,0
3496,0
3497,0
3498,0
3499,0
3500,0
3501,0
3502,0
3503,0
3504,0
3505,0
3506,0
3507,0
3508,0
3509,0
3510,0
3511,0
3512,0
3513,0
3514,0
3515,0
3516,0
3517,0
3518,0
3519,0
3520,0
3521,0
3522,0
3523,0
3524,0
3525,0
3526,0
3527,0
3528,0
3529,0
3530,0
3531,0
3532,0
3533,0
3534,0
3535,0
3536,0
3537,0
3538,0
3539,0
3540,0
3541,0
3542,0
3543,0
3544,0
3545,0
3546,0
3547,0
3548,0
3549,0
3550,0
3551,0
3552,0
3553,0
3554,0
3555,0
3556,0
3557,0
3558,0
3559,0
3560,0
3561,0
3562,0
3563,0
3564,0
3565,0
3566,0
3567,0
3568,0
3569,0
3570,0
3571,0
3572,0
3573,0
3574,0
3575,0
3576,0
3577,0
3578,0
3579,0
3580,0
3581,0
3582,0
3583,0
3584,0
3585,0
3586,0
3587,0
3588,0
3589,0
3590,0
3591,0
3592,0
3593,0
3594,0
3595,0
3596,0
3597,0
3598,0
3599,0
3600,0
3601,0
3602,0
3603,0
3604,0
3605,0
3606,0
3607,0
3608,0
3609,0
3610,0
3611,0
3612,0
3613,0
3614,0
3615,0
3616,0
3617,0
3618,0
3619,0
3620,0
3621,0
3622,0
3623,0
3624,0
3625,0
3626,0
3627,0
3628,0
3629,0
3630,0
3631,0
3632,0
3633,0
3634,0
3635,0
3636,0
3637,0
3638,0
3639,0
3640,0
3641,0
3642,0
3643,0
3644,0
3645,0
3646,0
3647,0
3648,0
3649,0
3650,0
3651,0
3652,0
3653,0
3654,0
3655,0
3656,0
3657,0
3658,0
3659,0
3660,0
3661,0
3662,0
3663,0
3664,0
3665,0
3666,0
3667,0
3668,0
3669,0
3670,0
3671,0
3672,0
3673,0
3674,0
3675,0
3676,0
3677,0
3678,0
3679,0
3680,0
3681,0
3682,0
3683,0
3684,0
3685,0
3686,0
3687,0
3688,0
3689,0
3690,0
3691,0
3692,0
3693,0
3694,0
3695,0
3696,0
3697,0
3698,0
3699,0
3700,0
3701,0
3702,0
3703,0
3704,0
3705,0
3706,0
3707,0
3708,0
3709,0
3710,0
3711,0
3712,0
3713,0
3714,0
3715,0
3716,0
3717,0
3718,0
3719,0
3720,0
3721,0
3722,0
3723,0
3724,0
3725,0
3726,0
3727,0
3728,0
3729,0
3730,0
3731,0
3732,0
3733,0
3734,0
3735,0
3736,0
3737,0
3738,0
3739,0
3740,0
3741,0
3742,0
3743,0
3744,0
3745,0
3746,0
3747,0
3748,0
3749,0
3750,0
3751,0
3752,0
3753,0
3754,0
3755,0
3756,0
3757,0
3758,0
3759,0
3760,0
3761,0
3762,0
3763,0
3764,0
3765,0
3766,0
3767,0
3768,0
3769,0
3770,0
3771,0
3772,0
3773,0
3774,0
3775,0
3776,0
3777,0
3778,0
3779,0
3780,0
3781,0
3782,0
3783,0
3784,0
3785,0
3786,0
3787,0
3788,0
3789,0
3790,0
3791,0
3792,0
3793,0
3794,0
3795,0
3796,0
3797,0
3798,0
3799,0
3800,0
3801,0
3802,0
3803,0
3804,0
3805,0
3806,0
3807,0
3808,0
3809,0
3810,0
3811,0
3812,0
3813,0
3814,0
3815,0
3816,0
3817,0
3818,0
3819,0
3820,0
3821,0
3822,0
3823,0
3824,0
3825,0
3826,0
3827,0
3828,0
3829,0
3830,0
3831,0
3832,0
3833,0
3834,0
3835,0
3836,0
3837,0
3838,0
3839,0
3840,0
3841,0
3842,0
3843,0
3844,0
3845,0
3846,0
3847,0
3848,0
3849,0
3850,0
3851,0
3852,0
3853,0
3854,0
3855,0
3856,0
3857,0
3858,0
3859,0
3860,0
3861,0
3862,0
3863,0
3864,0
3865,0
3866,0
3867,0
3868,0
3869,0
3870,0
3871,0
3872,0
3873,0
3874,0
3875,0
3876,0
3877,0
3878,0
3879,0
3880,0
3881,0
3882,0
3883,0
3884,0
3885,0
3886,0
3887,0
3888,0
3889,0
3890,0
3891,0
3892,0
3893,0
3894,0
3895,0
3896,0
3897,0
3898,0
3899,0
3900,0
3901,0
3902,0
3903,0
3904,0
3905,0
3906,0
3907,0
3908,0
3909,0
3910,0
3911,0
3912,0
3913,0
3914,0
3915,0
3916,0
3917,0
3918,0
3919,0
3920,0
3921,0
3922,0
3923,0
3924,0
3925,0
3926,0
3927,0
3928,0
3929,0
3930,0
3931,0
3932,0
3933,0
3934,0
3935,0
3936,0
3937,0
3938,0
3939,0
3940,0
3941,0
3942,0
3943,0
3944,0
3945,0
3946,0
3947,0
3948,0
3949,0
3950,0
3951,0
3952,0
3953,0
3954,0
3955,0
3956,0
3957,0
3958,0
3959,0
3960,0
3961,0
3962,0
3963,0
3964,0
3965,0
3966,0
3967,0
3968,0
3969,0
3970,0
3971,0
3972,0
3973,0
3974,0
3975,0
3976,0
3977,0
3978,0
3979,0
3980,0
3981,0
3982,0
3983,0
3984,0
3985,0
3986,0
3987,0
3988,0
3989,0
3990,0
3991,0
3992,0
3993,0
3994,0
3995,0
3996,0
3997,0
3998,0
3999,0
4000,0
4001,0
4002,0
4003,0
4004,0
4005,0
4006,0
4007,0
4008,0
4009,0
4010,0
4011,0
4012,0
4013,0
4014,0
4015,0
4016,0
4017,0
4018,0
4019,0
4020,0
4021,0
4022,0
4023,0
4024,0
4025,0
4026,0
4027,0
4028,0
4029,0
4030,0
4031,0
4032,0
4033,0
4034,0
4035,0
4036,0
4037,0
4038,0
4039,0
4040,0
4041,0
4042,0
4043,0
4044,0
4045,0
4046,0
4047,0
4048,0
4049,0
4050,0
4051,0
4052,0
4053,0
4054,0
4055,0
4056,0
4057,0
4058,0
4059,0
4060,0
4061,0
4062,0
4063,0
4064,0
4065,0
4066,0
4067,0
4068,0
4069,0
4070,0
4071,0
4072,0
4073,0
4074,0
4075,0
4076,0
4077,0
4078,0
4079,0
4080,0
4081,0
4082,0
4083,0
4084,0
4085,0
4086,0
4087,0
4088,0
4089,0
4090,0
4091,0
4092,0
4093,0
4094,0
4095,0
4096,0
4097,0
4098,0
4099,0
4100,0
4101,0
4102,0
4103,0
4104,0
4105,0
4106,0
4107,0
4108,0
4109,0
4110,0
4111,0
4112,0
4113,0
4114,0
4115,0
4116,0
4117,0
4118,0
4119,0
4120,0
4121,0
4122,0
4123,0
4124,0
4125,0
4126,0
4127,0
4128,0
4129,0
4130,0
4131,0
4132,0
4133,0
4134,0
4135,0
4136,0
4137,0
4138,0
4139,0
4140,0
4141,0
4142,0
4143,0
4144,0
4145,0
4146,0
4147,0
4148,0
4149,0
4150,0
4151,0
4152,0
4153,0
4154,0
4155,0
4156,0
4157,0
4158,0
4159,0
4160,0
4161,0
4162,0
4163,0
4164,0
4165,0
4166,0
4167,0
4168,0
4169,0
4170,0
4171,0
4172,0
4173,0
4174,0
4175,0
4176,0
4177,0
4178,0
4179,0
4180,0
4181,0
4182,0
4183,0
4184,0
4185,0
4186,0
4187,0
4188,0
4189,0
4190,0
4191,0
4192,0
4193,0
4194,0
4195,0
4196,0
4197,0
4198,0
4199,0
4200,0
4201,0
4202,0
4203,0
4204,0
4205,0
4206,0
4207,0
4208,0
4209,0
4210,0
4211,0
4212,0
4213,0
4214,0
4215,0
4216,0
4217,0
4218,0
4219,0
4220,0
4221,0
4222,0
4223,0
4224,0
4225,0
4226,0
4227,0
4228,0
4229,0
4230,0
4231,0
4232,0
4233,0
4234,0
4235,0
4236,0
4237,0
4238,0
4239,0
4240,0
4241,0
4242,0
4243,0
4244,0
4245,0
4246,0
4247,0
4248,0
4249,0
4250,0
4251,0
4252,0
4253,0
4254,0
4255,0
4256,0
4257,0
4258,0
4259,0
4260,0
4261,0
4262,0
4263,0
4264,0
4265,0
4266,0
4267,0
4268,0
4269,0
4270,0
4271,0
4272,0
4273,0
4274,0
4275,0
4276,0
4277,0
4278,0
4279,0
4280,0
4281,0
4282,0
4283,0
4284,0
4285,0
4286,0
4287,0
4288,0
4289,0
4290,0
4291,0
4292,0
4293,0
4294,0
4295,0
4296,0
4297,0
4298,0
4299,0
4300,0
4301,0
4302,0
4303,0
4304,0
4305,0
4306,0
4307,0
4308,0
4309,0
4310,0
4311,0
4312,0
4313,0
4314,0
4315,0
4316,0
4317,0
4318,0
4319,0
4320,0
4321,0
4322,0
4323,0
4324,0
4325,0
4326,0
4327,0
4328,0
4329,0
4330,0
4331,0
4332,0
4333,0
4334,0
4335,0
4336,0
4337,0
4338,0
4339,0
4340,0
4341,0
4342,0
4343,0
4344,0
4345,0
4346,0
4347,0
4348,0
4349,0
4350,0
4351,0
4352,0
4353,0
4354,0
4355,0
4356,0
4357,0
4358,0
4359,0
4360,0
4361,0
4362,0
4363,0
4364,0
4365,0
4366,0
4367,0
4368,0
4369,0
4370,0
4371,0
4372,0
4373,0
4374,0
4375,0
4376,0
4377,0
4378,0
4379,0
4380,0
4381,0
4382,0
4383,0
4384,0
4385,0
4386,0
4387,0
4388,0
4389,0
4390,0
4391,0
4392,0
4393,0
4394,0
4395,0
4396,0
4397,0
4398,0
4399,0
4400,0
4401,0
4402,0
4403,0
4404,0
4405,0
4406,0
4407,0
4408,0
4409,0
4410,0
4411,0
4412,0
4413,0
4414,0
4415,0
4416,0
4417,0
4418,0
4419,0
4420,0
4421,0
4422,0
4423,0
4424,0
4425,0
4426,0
4427,0
4428,0
4429,0
4430,0
4431,0
4432,0
4433,0
4434,0
4435,0
4436,0
4437,0
4438,0
4439,0
4440,0
4441,0
4442,0
4443,0
4444,0
4445,0
4446,0
4447,0
4448,0
4449,0
4450,0
4451,0
4452,0
4453,0
4454,0
4455,0
4456,0
4457,0
4458,0
4459,0
4460,0
4461,0
4462,0
4463,0
4464,0
4465,0
4466,0
4467,0
4468,0
4469,0
4470,0
4471,0
4472,0
4473,0
4474,0
4475,0
4476,0
4477,0
4478,0
4479,0
4480,0
4481,0
4482,0
4483,0
4484,0
4485,0
4486,0
4487,0
4488,0
4489,0
4490,0
4491,0
4492,0
4493,0
4494,0
4495,0
4496,0
4497,0
4498,0
4499,0
4500,0
4501,0
4502,0
4503,0
4504,0
4505,0
4506,0
4507,0
4508,0
4509,0
4510,0
4511,0
4512,0
4513,0
4514,0
4515,0
4516,0
4517,0
4518,0
4519,0
4520,0
4521,0
4522,0
4523,0
4524,0
4525,0
4526,0
4527,0
4528,0
4529,0
4530,0
4531,0
4532,0
4533,0
4534,0
4535,0
4536,0
4537,0
4538,0
4539,0
4540,0
4541,0
4542,0
4543,0
4544,0
4545,0
4546,0
4547,0
4548,0
4549,0
4550,0
4551,0
4552,0
4553,0
4554,0
4555,0
4556,0
4557,0
4558,0
4559,0
4560,0
4561,0
4562,0
4563,0
4564,0
4565,0
4566,0
4567,0
4568,0
4569,0
4570,0
4571,0
4572,0
4573,0
4574,0
4575,0
4576,0
4577,0
4578,0
4579,0
4580,0
4581,0
4582,0
4583,0
4584,0
4585,0
4586,0
4587,0
4588,0
4589,0
4590,0
4591,0
4592,0
4593,0
4594,0
4595,0
4596,0
4597,0
4598,0
4599,0
4600,0
4601,0
4602,0
4603,0
4604,0
4605,0
4606,0
4607,0
4608,0
4609,0
4610,0
4611,0
4612,0
4613,0
4614,0
4615,0
4616,0
4617,0
4618,0
4619,0
4620,0
4621,0
4622,0
4623,0
4624,0
4625,0
4626,0
4627,0
4628,0
4629,0
4630,0
4631,0
4632,0
4633,0
4634,0
4635,0
4636,0
4637,0
4638,0
4639,0
4640,0
4641,0
4642,0
4643,0
4644,0
4645,0
4646,0
4647,0
4648,0
4649,0
4650,0
4651,0
4652,0
4653,0
4654,0
4655,0
4656,0
4657,0
4658,0
4659,0
4660,0
4661,0
4662,0
4663,0
4664,0
4665,0
4666,0
4667,0
4668,0
4669,0
4670,0
4671,0
4672,0
4673,0
4674,0
4675,0
4676,0
4677,0
4678,0
4679,0
4680,0
4681,0
4682,0
4683,0
4684,0
4685,0
4686,0
4687,0
4688,0
4689,0
4690,0
4691,0
4692,0
4693,0
4694,0
4695,0
4696,0
4697,0
4698,0
4699,0
4700,0
4701,0
4702,0
4703,0
4704,0
4705,0
4706,0
4707,0
4708,0
4709,0
4710,0
4711,0
4712,0
4713,0
4714,0
4715,0
4716,0
4717,0
4718,0
4719,0
4720,0
4721,0
4722,0
4723,0
4724,0
4725,0
4726,0
4727,0
4728,0
4729,0
4730,0
4731,0
4732,0
4733,0
4734,0
4735,0
4736,0
4737,0
4738,0
4739,0
4740,0
4741,0
4742,0
4743,0
4744,0
4745,0
4746,0
4747,0
4748,0
4749,0
4750,0
4751,0
4752,0
4753,0
4754,0
4755,0
4756,0
4757,0
4758,0
4759,0
4760,0
4761,0
4762,0
4763,0
4764,0
4765,0
4766,0
4767,0
4768,0
4769,0
4770,0
4771,0
4772,0
4773,0
4774,0
4775,0
4776,0
4777,0
4778,0
4779,0
4780,0
4781,0
4782,0
4783,0
4784,0
4785,0
4786,0
4787,0
4788,0
4789,0
4790,0
4791,0
4792,0
4793,0
4794,0
4795,0
4796,0
4797,0
4798,0
4799,0
4800,0
4801,0
4802,0
4803,0
4804,0
4805,0
4806,0
4807,0
4808,0
4809,0
4810,0
4811,0
4812,0
4813,0
4814,0
4815,0
4816,0
4817,0
4818,0
4819,0
4820,0
4821,0
4822,0
4823,0
4824,0
4825,0
4826,0
4827,0
4828,0
4829,0
4830,0
4831,0
4832,0
4833,0
4834,0
4835,0
4836,0
4837,0
4838,0
4839,0
4840,0
4841,0
4842,0
4843,0
4844,0
4845,0
4846,0
4847,0
4848,0
4849,0
4850,0
4851,0
4852,0
4853,0
4854,0
4855,0
4856,0
4857,0
4858,0
4859,0
4860,0
4861,0
4862,0
4863,0
4864,0
4865,0
4866,0
4867,0
4868,0
4869,0
4870,0
4871,0
4872,0
4873,0
4874,0
4875,0
4876,0
4877,0
4878,0
4879,0
4880,0
4881,0
4882,0
4883,0
4884,0
4885,0
4886,0
4887,0
4888,0
4889,0
4890,0
4891,0
4892,0
4893,0
4894,0
4895,0
4896,0
4897,0
4898,0
4899,0
4900,0
4901,0
4902,0
4903,0
4904,0
4905,0
4906,0
4907,0
4908,0
4909,0
4910,0
4911,0
4912,0
4913,0
4914,0
4915,0
4916,0
4917,0
4918,0
4919,0
4920,0
4921,0
4922,0
4923,0
4924,0
4925,0
4926,0
4927,0
4928,0
4929,0
4930,0
4931,0
4932,0
4933,0
4934,0
4935,0
4936,0
4937,0
4938,0
4939,0
4940,0
4941,0
4942,0
4943,0
4944,0
4945,0
4946,0
4947,0
4948,0
4949,0
4950,0
4951,0
4952,0
4953,0
4954,0
4955,0
4956,0
4957,0
4958,0
4959,0
4960,0
4961,0
4962,0
4963,0
4964,0
4965,0
4966,0
4967,0
4968,0
4969,0
4970,0
4971,0
4972,0
4973,0
4974,0
4975,0
4976,0
4977,0
4978,0
4979,0
4980,0
4981,0
4982,0
4983,0
4984,0
4985,0
4986,0
4987,0
4988,0
4989,0
4990,0
4991,0
4992,0
4993,0
4994,0
4995,0
4996,0
4997,0
4998,0
4999,0
5000,0
5001,0
5002,0
5003,0
5004,0
5005,0
5006,0
5007,0
5008,0
5009,0
5010,0
5011,0
5012,0
5013,0
5014,0
5015,0
5016,0
5017,0
5018,0
5019,0
5020,0
5021,0
5022,0
5023,0
5024,0
5025,0
5026,0
5027,0
5028,0
5029,0
5030,0
5031,0
5032,0
5033,0
5034,0
5035,0
5036,0
5037,0
5038,0
5039,0
5040,0
5041,0
5042,0
5043,0
5044,0
5045,0
5046,0
5047,0
5048,0
5049,0
5050,0
5051,0
5052,0
5053,0
5054,0
5055,0
5056,0
5057,0
5058,0
5059,0
5060,0
5061,0
5062,0
5063,0
5064,0
5065,0
5066,0
5067,0
5068,0
5069,0
5070,0
5071,0
5072,0
5073,0
5074,0
5075,0
5076,0
5077,0
5078,0
5079,0
5080,0
5081,0
5082,0
5083,0
5084,0
5085,0
5086,0
5087,0
5088,0
5089,0
5090,0
5091,0
5092,0
5093,0
5094,0
5095,0
5096,0
5097,0
5098,0
5099,0
5100,0
5101,0
5102,0
5103,0
5104,0
5105,0
5106,0
5107,0
5108,0
5109,0
5110,0
5111,0
5112,0
5113,0
5114,0
5115,0
5116,0
5117,0
5118,0
5119,0
5120,0
5121,0
5122,0
5123,0
5124,0
5125,0
5126,0
5127,0
5128,0
5129,0
5130,0
5131,0
5132,0
5133,0
5134,0
5135,0
5136,0
5137,0
5138,0
5139,0
5140,0
5141,0
5142,0
5143,0
5144,0
5145,0
5146,0
5147,0
5148,0
5149,0
5150,0
5151,0
5152,0
5153,0
5154,0
5155,0
5156,0
5157,0
5158,0
5159,0
5160,0
5161,0
5162,0
5163,0
5164,0
5165,0
5166,0
5167,0
5168,0
5169,0
5170,0
5171,0
5172,0
5173,0
5174,0
5175,0
5176,0
5177,0
5178,0
5179,0
5180,0
5181,0
5182,0
5183,0
5184,0
5185,0
5186,0
5187,0
5188,0
5189,0
5190,0
5191,0
5192,0
5193,0
5194,0
5195,0
5196,0
5197,0
5198,0
5199,0
5200,0
5201,0
5202,0
5203,0
5204,0
5205,0
5206,0
5207,0
5208,0
5209,0
5210,0
5211,0
5212,0
5213,0
5214,0
5215,0
5216,0
5217,0
5218,0
5219,0
5220,0
5221,0
5222,0
5223,0
5224,0
5225,0
5226,0
5227,0
5228,0
5229,0
5230,0
5231,0
5232,0
5233,0
5234,0
5235,0
5236,0
5237,0
5238,0
5239,0
5240,0
5241,0
5242,0
5243,0
5244,0
5245,0
5246,0
5247,0
5248,0
5249,0
5250,0
5251,0
5252,0
5253,0
5254,0
5255,0
5256,0
5257,0
5258,0
5259,0
5260,0
5261,0
5262,0
5263,0
5264,0
5265,0
5266,0
5267,0
5268,0
5269,0
5270,0
5271,0
5272,0
5273,0
5274,0
5275,0
5276,0
5277,0
5278,0
5279,0
5280,0
5281,0
5282,0
5283,0
5284,0
5285,0
5286,0
5287,0
5288,0
5289,0
5290,0
5291,0
5292,0
5293,0
5294,0
5295,0
5296,0
5297,0
5298,0
5299,0
5300,0
5301,0
5302,0
5303,0
5304,0
5305,0
5306,0
5307,0
5308,0
5309,0
5310,0
5311,0
5312,0
5313,0
5314,0
5315,0
5316,0
5317,0
5318,0
5319,0
5320,0
5321,0
5322,0
5323,0
5324,0
5325,0
5326,0
5327,0
5328,0
5329,0
5330,0
5331,0
5332,0
5333,0
5334,0
5335,0
5336,0
5337,0
5338,0
5339,0
5340,0
5341,0
5342,0
5343,0
5344,0
5345,0
5346,0
5347,0
5348,0
5349,0
5350,0
5351,0
5352,0
5353,0
5354,0
5355,0
5356,0
5357,0
5358,0
5359,0
5360,0
5361,0
5362,0
5363,0
5364,0
5365,0
5366,0
5367,0
5368,0
5369,0
5370,0
5371,0
5372,0
5373,0
5374,0
5375,0
5376,0
5377,0
5378,0
5379,0
5380,0
5381,0
5382,0
5383,0
5384,0
5385,0
5386,0
5387,0
5388,0
5389,0
5390,0
5391,0
5392,0
5393,0
5394,0
5395,0
5396,0
5397,0
5398,0
5399,0
5400,0
5401,0
5402,0
5403,0
5404,0
5405,0
5406,0
5407,0
5408,0
5409,0
5410,0
5411,0
5412,0
5413,0
5414,0
5415,0
5416,0
5417,0
5418,0
5419,0
5420,0
5421,0
5422,0
5423,0
5424,0
5425,0
5426,0
5427,0
5428,0
5429,0
5430,0
5431,0
5432,0
5433,0
5434,0
5435,0
5436,0
5437,0
5438,0
5439,0
5440,0
5441,0
5442,0
5443,0
5444,0
5445,0
5446,0
5447,0
5448,0
5449,0
5450,0
5451,0
5452,0
5453,0
5454,0
5455,0
5456,0
5457,0
5458,0
5459,0
5460,0
5461,0
5462,0
5463,0
5464,0
5465,0
5466,0
5467,0
5468,0
5469,0
5470,0
5471,0
5472,0
5473,0
5474,0
5475,0
5476,0
5477,0
5478,0
5479,0
5480,0
5481,0
5482,0
5483,0
5484,0
5485,0
5486,0
5487,0
5488,0
5489,0
5490,0
5491,0
5492,0
5493,0
5494,0
5495,0
5496,0
5497,0
5498,0
5499,0
5500,0
5501,0
5502,0
5503,0
5504,0
5505,0
5506,0
5507,0
5508,0
5509,0
5510,0
5511,0
5512,0
5513,0
5514,0
5515,0
5516,0
5517,0
5518,0
5519,0
5520,0
5521,0
5522,0
5523,0
5524,0
5525,0
5526,0
5527,0
5528,0
5529,0
5530,0
5531,0
5532,0
5533,0
5534,0
5535,0
5536,0
5537,0
5538,0
5539,0
5540,0
5541,0
5542,0
5543,0
5544,0
5545,0
5546,0
5547,0
5548,0
5549,0
5550,0
5551,0
5552,0
5553,0
5554,0
5555,0
5556,0
5557,0
5558,0
5559,0
5560,0
5561,0
5562,0
5563,0
5564,0
5565,0
5566,0
5567,0
5568,0
5569,0
5570,0
5571,0
5572,0
5573,0
5574,0
5575,0
5576,0
5577,0
5578,0
5579,0
5580,0
5581,0
5582,0
5583,0
5584,0
5585,0
5586,0
5587,0
5588,0
5589,0
5590,0
5591,0
5592,0
5593,0
5594,0
5595,0
5596,0
5597,0
5598,0
5599,0
5600,0
5601,0
5602,0
5603,0
5604,0
5605,0
5606,0
5607,0
5608,0
5609,0
5610,0
5611,0
5612,0
5613,0
5614,0
5615,0
5616,0
5617,0
5618,0
5619,0
5620,0
5621,0
5622,0
5623,0
5624,0
5625,0
5626,0
5627,0
5628,0
5629,0
5630,0
5631,0
5632,0
5633,0
5634,0
5635,0
5636,0
5637,0
5638,0
5639,0
5640,0
5641,0
5642,0
5643,0
5644,0
5645,0
5646,0
5647,0
5648,0
5649,0
5650,0
5651,0
5652,0
5653,0
5654,0
5655,0
5656,0
5657,0
5658,0
5659,0
5660,0
5661,0
5662,0
5663,0
5664,0
5665,0
5666,0
5667,0
5668,0
5669,0
5670,0
5671,0
5672,0
5673,0
5674,0
5675,0
5676,0
5677,0
5678,0
5679,0
5680,0
5681,0
5682,0
5683,0
5684,0
5685,0
5686,0
5687,0
5688,0
5689,0
5690,0
5691,0
5692,0
5693,0
5694,0
5695,0
5696,0
5697,0
5698,0
5699,0
5700,0
5701,0
5702,0
5703,0
5704,0
5705,0
5706,0
5707,0
5708,0
5709,0
5710,0
5711,0
5712,0
5713,0
5714,0
5715,0
5716,0
5717,0
5718,0
5719,0
5720,0
5721,0
5722,0
5723,0
5724,0
5725,0
5726,0
5727,0
5728,0
5729,0
5730,0
5731,0
5732,0
5733,0
5734,0
5735,0
5736,0
5737,0
5738,0
5739,0
5740,0
5741,0
5742,0
5743,0
5744,0
5745,0
5746,0
5747,0
5748,0
5749,0
5750,0
5751,0
5752,0
5753,0
5754,0
5755,0
5756,0
5757,0
5758,0
5759,0
5760,0
5761,0
5762,0
5763,0
5764,0
5765,0
5766,0
5767,0
5768,0
5769,0
5770,0
5771,0
5772,0
5773,0
5774,0
5775,0
5776,0
5777,0
5778,0
5779,0
5780,0
5781,0
5782,0
5783,0
5784,0
5785,0
5786,0
5787,0
5788,0
5789,0
5790,0
5791,0
5792,0
5793,0
5794,0
5795,0
5796,0
5797,0
5798,0
5799,0
5800,0
5801,0
5802,0
5803,0
5804,0
5805,0
5806,0
5807,0
5808,0
5809,0
5810,0
5811,0
5812,0
5813,0
5814,0
5815,0
5816,0
5817,0
5818,0
5819,0
5820,0
5821,0
5822,0
5823,0
5824,0
5825,0
5826,0
5827,0
5828,0
5829,0
5830,0
5831,0
5832,0
5833,0
5834,0
5835,0
5836,0
5837,0
5838,0
5839,0
5840,0
5841,0
5842,0
5843,0
5844,0
5845,0
5846,0
5847,0
5848,0
5849,0
5850,0
5851,0
5852,0
5853,0
5854,0
5855,0
5856,0
5857,0
5858,0
5859,0
5860,0
5861,0
5862,0
5863,0
5864,0
5865,0
5866,0
5867,0
5868,0
5869,0
5870,0
5871,0
5872,0
5873,0
5874,0
5875,0
5876,0
5877,0
5878,0
5879,0
5880,0
5881,0
5882,0
5883,0
5884,0
5885,0
5886,0
5887,0
5888,0
5889,0
5890,0
5891,0
5892,0
5893,0
5894,0
5895,0
5896,0
5897,0
5898,0
5899,0
5900,0
5901,0
5902,0
5903,0
5904,0
5905,0
5906,0
5907,0
5908,0
5909,0
5910,0
5911,0
5912,0
5913,0
5914,0
5915,0
5916,0
5917,0
5918,0
5919,0
5920,0
5921,0
5922,0
5923,0
5924,0
5925,0
5926,0
5927,0
5928,0
5929,0
5930,0
5931,0
5932,0
5933,0
5934,0
5935,0
5936,0
5937,0
5938,0
5939,0
5940,0
5941,0
5942,0
5943,0
5944,0
5945,0
5946,0
5947,0
5948,0
5949,0
5950,0
5951,0
5952,0
5953,0
5954,0
5955,0
5956,0
5957,0
5958,0
5959,0
5960,0
5961,0
5962,0
5963,0
5964,0
5965,0
5966,0
5967,0
5968,0
5969,0
5970,0
5971,0
5972,0
5973,0
5974,0
5975,0
5976,0
5977,0
5978,0
5979,0
5980,0
5981,0
5982,0
5983,0
5984,0
5985,0
5986,0
5987,0
5988,0
5989,0
5990,0
5991,0
5992,0
5993,0
5994,0
5995,0
5996,0
5997,0
5998,0
5999,0
6000,0
6001,0
6002,0
6003,0
6004,0
6005,0
6006,0
6007,0
6008,0
6009,0
6010,0
6011,0
6012,0
6013,0
6014,0
6015,0
6016,0
6017,0
6018,0
6019,0
6020,0
6021,0
6022,0
6023,0
6024,0
6025,0
6026,0
6027,0
6028,0
6029,0
6030,0
6031,0
6032,0
6033,0
6034,0
6035,0
6036,0
6037,0
6038,0
6039,0
6040,0
6041,0
6042,0
6043,0
6044,0
6045,0
6046,0
6047,0
6048,0
6049,0
6050,0
6051,0
6052,0
6053,0
6054,0
6055,0
6056,0
6057,0
6058,0
6059,0
6060,0
6061,0
6062,0
6063,0
6064,0
6065,0
6066,0
6067,0
6068,0
6069,0
6070,0
6071,0
6072,0
6073,0
6074,0
6075,0
6076,0
6077,0
6078,0
6079,0
6080,0
6081,0
6082,0
6083,0
6084,0
6085,0
6086,0
6087,0
6088,0
6089,0
6090,0
6091,0
6092,0
6093,0
6094,0
6095,0
6096,0
6097,0
6098,0
6099,0
6100,0
6101,0
6102,0
6103,0
6104,0
6105,0
6106,0
6107,0
6108,0
6109,0
6110,0
6111,0
6112,0
6113,0
6114,0
6115,0
6116,0
6117,0
6118,0
6119,0
6120,0
6121,0
6122,0
6123,0
6124,0
6125,0
6126,0
6127,0
6128,0
6129,0
6130,0
6131,0
6132,0
6133,0
6134,0
6135,0
6136,0
6137,0
6138,0
6139,0
6140,0
6141,0
6142,0
6143,0
6144,0
6145,0
6146,0
6147,0
6148,0
6149,0
6150,0
6151,0
6152,0
6153,0
6154,0
6155,0
6156,0
6157,0
6158,0
6159,0
6160,0
6161,0
6162,0
6163,0
6164,0
6165,0
6166,0
6167,0
6168,0
6169,0
6170,0
6171,0
6172,0
6173,0
6174,0
6175,0
6176,0
6177,0
6178,0
6179,0
6180,0
6181,0
6182,0
6183,0
6184,0
6185,0
6186,0
6187,0
6188,0
6189,0
6190,0
6191,0
6192,0
6193,0
6194,0
6195,0
6196,0
6197,0
6198,0
6199,0
6200,0
6201,0
6202,0
6203,0
6204,0
6205,0
6206,0
6207,0
6208,0
6209,0
6210,0
6211,0
6212,0
6213,0
6214,0
6215,0
6216,0
6217,0
6218,0
6219,0
6220,0
6221,0
6222,0
6223,0
6224,0
6225,0
6226,0
6227,0
6228,0
6229,0
6230,0
6231,0
6232,0
6233,0
6234,0
6235,0
6236,0
6237,0
6238,0
6239,0
6240,0
6241,0
6242,0
6243,0
6244,0
6245,0
6246,0
6247,0
6248,0
6249,0
6250,0
6251,0
6252,0
6253,0
6254,0
6255,0
6256,0
6257,0
6258,0
6259,0
6260,0
6261,0
6262,0
6263,0
6264,0
6265,0
6266,0
6267,0
6268,0
6269,0
6270,0
6271,0
6272,0
6273,0
6274,0
6275,0
6276,0
6277,0
6278,0
6279,0
6280,0
6281,0
6282,0
6283,0
6284,0
6285,0
6286,0
6287,0
6288,0
6289,0
6290,0
6291,0
6292,0
6293,0
6294,0
6295,0
6296,0
6297,0
6298,0
6299,0
6300,0
6301,0
6302,0
6303,0
6304,0
6305,0
6306,0
6307,0
6308,0
6309,0
6310,0
6311,0
6312,0
6313,0
6314,0
6315,0
6316,0
6317,0
6318,0
6319,0
6320,0
6321,0
6322,0
6323,0
6324,0
6325,0
6326,0
6327,0
6328,0
6329,0
6330,0
6331,0
6332,0
6333,0
6334,0
6335,0
6336,0
6337,0
6338,0
6339,0
6340,0
6341,0
6342,0
6343,0
6344,0
6345,0
6346,0
6347,0
6348,0
6349,0
6350,0
6351,0
6352,0
6353,0
6354,0
6355,0
6356,0
6357,0
6358,0
6359,0
6360,0
6361,0
6362,0
6363,0
6364,0
6365,0
6366,0
6367,0
6368,0
6369,0
6370,0
6371,0
6372,0
6373,0
6374,0
6375,0
6376,0
6377,0
6378,0
6379,0
6380,0
6381,0
6382,0
6383,0
6384,0
6385,0
6386,0
6387,0
6388,0
6389,0
6390,0
6391,0
6392,0
6393,0
6394,0
6395,0
6396,0
6397,0
6398,0
6399,0
6400,0
6401,0
6402,0
6403,0
6404,0
6405,0
6406,0
6407,0
6408,0
6409,0
6410,0
6411,0
6412,0
6413,0
6414,0
6415,0
6416,0
6417,0
6418,0
6419,0
6420,0
6421,0
6422,0
6423,0
6424,0
6425,0
6426,0
6427,0
6428,0
6429,0
6430,0
6431,0
6432,0
6433,0
6434,0
6435,0
6436,0
6437,0
6438,0
6439,0
6440,0
6441,0
6442,0
6443,0
6444,0
6445,0
6446,0
6447,0
6448,0
6449,0
6450,0
6451,1
6452,1
6453,1
6454,1
6455,1
6456,1
6457,1
6458,1
6459,1
6460,1
6461,1
6462,1
6463,1
6464,1
6465,1
6466,1
6467,1
6468,1
6469,1
6470,1
6471,1
6472,1
6473,1
6474,1
6475,1
6476,1
6477,1
6478,1
6479,1
6480,1
6481,1
6482,1
6483,1
6484,1
6485,1
6486,1
6487,1
6488,1
6489,1
6490,1
6491,1
6492,1
6493,1
6494,1
6495,1
6496,1
6497,1
6498,1
6499,1
6500,1
6501,1
6502,1
6503,1
6504,1
6505,1
6506,1
6507,1
6508,1
6509,1
6510,1
6511,1
6512,1
6513,1
6514,1
6515,1
6516,1
6517,1
6518,1
6519,1
6520,1
6521,1
6522,1
6523,1
6524,1
6525,1
6526,1
6527,1
6528,1
6529,1
6530,1
6531,1
6532,1
6533,1
6534,1
6535,1
6536,1
6537,1
6538,1
6539,1
6540,1
6541,1
6542,1
6543,1
6544,1
6545,1
6546,1
6547,1
6548,1
6549,1
6550,1
6551,1
6552,1
6553,1
6554,1
6555,1
6556,1
6557,1
6558,1
6559,1
6560,1
6561,1
6562,1
6563,1
6564,1
6565,1
6566,1
6567,1
6568,1
6569,1
6570,1
6571,1
6572,1
6573,1
6574,1
6575,1
6576,1
6577,1
6578,1
6579,1
6580,1
6581,1
6582,1
6583,1
6584,1
6585,1
6586,1
6587,1
6588,1
6589,1
6590,1
6591,1
6592,1
6593,1
6594,1
6595,1
6596,1
6597,1
6598,1
6599,1
6600,1
6601,1
6602,1
6603,1
6604,1
6605,1
6606,1
6607,1
6608,1
6609,1
6610,1
6611,1
6612,1
6613,1
6614,1
6615,1
6616,1
6617,1
6618,1
6619,1
6620,1
6621,1
6622,1
6623,1
6624,1
6625,1
6626,1
6627,1
6628,1
6629,1
6630,1
6631,1
6632,1
6633,1
6634,1
6635,1
6636,1
6637,1
6638,1
6639,1
6640,1
6641,1
6642,1
6643,1
6644,1
6645,1
6646,1
6647,1
6648,1
6649,1
6650,1
6651,1
6652,1
6653,1
6654,1
6655,1
6656,1
6657,1
6658,1
6659,1
6660,1
6661,1
6662,1
6663,1
6664,1
6665,1
6666,1
6667,1
6668,1
6669,1
6670,1
6671,1
6672,1
6673,1
6674,1
6675,1
6676,1
6677,1
6678,1
6679,1
6680,1
6681,1
6682,1
6683,1
6684,1
6685,1
6686,1
6687,1
6688,1
6689,1
6690,1
6691,1
6692,1
6693,1
6694,1
6695,1
6696,1
6697,1
6698,1
6699,1
6700,1
6701,1
6702,1
6703,1
6704,1
6705,1
6706,1
6707,1
6708,1
6709,1
6710,1
6711,1
6712,1
6713,1
6714,1
6715,1
6716,1
6717,1
6718,1
6719,1
6720,1
6721,1
6722,1
6723,1
6724,1
6725,1
6726,1
6727,1
6728,1
6729,1
6730,1
6731,1
6732,1
6733,1
6734,1
6735,1
6736,1
6737,1
6738,1
6739,1
6740,1
6741,1
6742,1
6743,1
6744,1
6745,1
6746,1
6747,1
6748,1
6749,1
6750,1
6751,1
6752,1
6753,1
6754,1
6755,1
6756,1
6757,1
6758,1
6759,1
6760,1
6761,1
6762,1
6763,1
6764,1
6765,1
6766,1
6767,1
6768,1
6769,1
6770,1
6771,1
6772,1
6773,1
6774,1
6775,1
6776,1
6777,1
6778,1
6779,1
6780,1
6781,1
6782,1
6783,1
6784,1
6785,1
6786,1
6787,1
6788,1
6789,1
6790,1
6791,1
6792,1
6793,1
6794,1
6795,1
6796,1
6797,1
6798,1
6799,1
6800,1
6801,1
6802,1
6803,1
6804,1
6805,1
6806,1
6807,1
6808,1
6809,1
6810,1
6811,1
6812,1
6813,1
6814,1
6815,1
6816,1
6817,1
6818,1
6819,1
6820,1
6821,1
6822,1
6823,1
6824,1
6825,1
6826,1
6827,1
6828,1
6829,1
6830,1
6831,1
6832,1
6833,1
6834,1
6835,1
6836,1
6837,1
6838,1
6839,1
6840,1
6841,1
6842,1
6843,1
6844,1
6845,1
6846,1
6847,1
6848,1
6849,1
6850,1
6851,1
6852,1
6853,1
6854,1
6855,1
6856,1
6857,1
6858,1
6859,1
6860,1
6861,1
6862,1
6863,1
6864,1
6865,1
6866,1
6867,1
6868,1
6869,1
6870,1
6871,1
6872,1
6873,1
6874,1
6875,1
6876,1
6877,1
6878,1
6879,1
6880,1
6881,1
6882,1
6883,1
6884,1
6885,1
6886,1
6887,1
6888,1
6889,1
6890,1
6891,1
6892,1
6893,1
6894,1
6895,1
6896,1
6897,1
6898,1
6899,1
6900,1
6901,1
6902,1
6903,1
6904,1
6905,1
6906,1
6907,1
6908,1
6909,1
6910,1
6911,1
6912,1
6913,1
6914,1
6915,1
6916,1
6917,1
6918,1
6919,1
6920,1
6921,1
6922,1
6923,1
6924,1
6925,1
6926,1
6927,1
6928,1
6929,1
6930,1
6931,1
6932,1
6933,1
6934,1
6935,1
6936,1
6937,1
6938,1
6939,1
6940,1
6941,1
6942,1
6943,1
6944,1
6945,1
6946,1
6947,1
6948,1
6949,1
6950,1
6951,1
6952,1
6953,1
6954,1
6955,1
6956,1
6957,1
6958,1
6959,1
6960,1
6961,1
6962,1
6963,1
6964,1
6965,1
6966,1
6967,1
6968,1
6969,1
6970,1
6971,1
6972,1
6973,1
6974,1
6975,1
6976,1
6977,1
6978,1
6979,1
6980,1
6981,1
6982,1
6983,1
6984,1
6985,1
6986,1
6987,1
6988,1
6989,1
6990,1
6991,1
6992,1
6993,1
6994,1
6995,1
6996,1
6997,1
6998,1
6999,1
7000,1
7001,1
7002,1
7003,1
7004,1
7005,1
7006,1
7007,1
7008,1
7009,1
7010,1
7011,1
7012,1
7013,1
7014,1
7015,1
7016,1
7017,1
7018,1
7019,1
7020,1
7021,1
7022,1
7023,1
7024,1
7025,1
7026,1
7027,1
7028,1
7029,1
7030,1
7031,1
7032,1
7033,1
7034,1
7035,1
7036,1
7037,1
7038,1
7039,1
7040,1
7041,1
7042,1
7043,1
7044,1
7045,1
7046,1
7047,1
7048,1
7049,1
7050,1
7051,1
7052,1
7053,1
7054,1
7055,1
7056,1
7057,1
7058,1
7059,1
7060,1
7061,1
7062,1
7063,1
7064,1
7065,1
7066,1
7067,1
7068,1
7069,1
7070,1
7071,1
7072,1
7073,1
7074,1
7075,1
7076,1
7077,1
7078,1
7079,1
7080,1
7081,1
7082,1
7083,1
7084,1
7085,1
7086,1
7087,1
7088,1
7089,1
7090,1
7091,1
7092,1
7093,1
7094,1
7095,1
7096,1
7097,1
7098,1
7099,1
7100,1
7101,1
7102,1
7103,1
7104,1
7105,1
7106,1
7107,1
7108,1
7109,1
7110,1
7111,1
7112,1
7113,1
7114,1
7115,1
7116,1
7117,1
7118,1
7119,1
7120,1
7121,1
7122,1
7123,1
7124,1
7125,1
7126,1
7127,1
7128,1
7129,1
7130,1
7131,1
7132,1
7133,1
7134,1
7135,1
7136,1
7137,1
7138,1
7139,1
7140,1
7141,1
7142,1
7143,1
7144,1
7145,1
7146,1
7147,1
7148,1
7149,1
7150,1
7151,1
7152,1
7153,1
7154,1
7155,1
7156,1
7157,1
7158,1
7159,1
7160,1
7161,1
7162,1
7163,1
7164,1
7165,1
7166,1
7167,1
7168,1
7169,1
7170,1
7171,1
7172,1
7173,1
7174,1
7175,1
7176,1
7177,1
7178,1
7179,1
7180,1
7181,1
7182,1
7183,1
7184,1
7185,1
7186,1
7187,1
7188,1
7189,1
7190,1
7191,1
7192,1
7193,1
7194,1
7195,1
7196,1
7197,1
7198,1
7199,1
7200,1
7201,1
7202,1
7203,1
7204,1
7205,1
7206,1
7207,1
7208,1
7209,1
7210,1
7211,1
7212,1
7213,1
7214,1
7215,1
7216,1
7217,1
7218,1
7219,1
7220,1
7221,1
7222,1
7223,1
7224,1
7225,1
7226,1
7227,1
7228,1
7229,1
7230,1
7231,1
7232,1
7233,1
7234,1
7235,1
7236,1
7237,1
7238,1
7239,1
7240,1
7241,1
7242,1
7243,1
7244,1
7245,1
7246,1
7247,1
7248,1
7249,1
7250,1
7251,1
7252,1
7253,1
7254,1
7255,1
7256,1
7257,1
7258,1
7259,1
7260,1
7261,1
7262,1
7263,1
7264,1
7265,1
7266,1
7267,1
7268,1
7269,1
7270,1
7271,1
7272,1
7273,1
7274,1
7275,1
7276,1
7277,1
7278,1
7279,1
7280,1
7281,1
7282,1
7283,1
7284,1
7285,1
7286,1
7287,1
7288,1
7289,1
7290,1
7291,1
7292,1
7293,1
7294,1
7295,1
7296,1
7297,1
7298,1
7299,1
7300,1
7301,1
7302,1
7303,1
7304,1
7305,1
7306,1
7307,1
7308,1
7309,1
7310,1
7311,1
7312,1
7313,1
7314,2
7315,2
7316,2
7317,2
7318,2
7319,2
7320,2
7321,2
7322,2
7323,2
7324,2
7325,2
7326,2
7327,2
7328,2
7329,2
7330,2
7331,2
7332,2
7333,2
7334,2
7335,2
7336,2
7337,2
7338,2
7339,2
7340,2
7341,2
7342,2
7343,2
7344,2
7345,2
7346,2
7347,2
7348,2
7349,2
7350,2
7351,2
7352,2
7353,2
7354,2
7355,2
7356,2
7357,2
7358,2
7359,2
7360,2
7361,2
7362,2
7363,2
7364,2
7365,2
7366,2
7367,2
7368,2
7369,2
7370,2
7371,2
7372,2
7373,2
7374,2
7375,2
7376,2
7377,2
7378,2
7379,2
7380,2
7381,2
7382,2
7383,2
7384,2
7385,2
7386,2
7387,2
7388,2
7389,2
7390,2
7391,2
7392,2
7393,2
7394,2
7395,2
7396,2
7397,2
7398,2
7399,2
7400,2
7401,2
7402,2
7403,2
7404,2
7405,2
7406,2
7407,2
7408,2
7409,2
7410,2
7411,2
7412,2
7413,2
7414,2
7415,2
7416,2
7417,2
7418,2
7419,2
7420,2
7421,2
7422,2
7423,2
7424,2
7425,2
7426,2
7427,2
7428,2
7429,2
7430,2
7431,2
7432,2
7433,2
7434,2
7435,2
7436,2
7437,2
7438,2
7439,2
7440,2
7441,2
7442,2
7443,2
7444,2
7445,2
7446,2
7447,2
7448,2
7449,2
7450,2
7451,2
7452,2
7453,2
7454,2
7455,2
7456,2
7457,2
7458,2
7459,2
7460,2
7461,2
7462,2
7463,2
7464,2
7465,2
7466,2
7467,2
7468,2
7469,2
7470,2
7471,2
7472,2
7473,2
7474,2
7475,2
7476,2
7477,2
7478,2
7479,2
7480,2
7481,2
7482,2
7483,2
7484,2
7485,2
7486,2
7487,2
7488,2
7489,2
7490,2
7491,2
7492,2
7493,2
7494,2
7495,2
7496,2
7497,2
7498,2
7499,2
7500,2
7501,2
7502,2
7503,2
7504,2
7505,2
7506,2
7507,2
7508,2
7509,2
7510,2
7511,2
7512,2
7513,2
7514,2
7515,2
7516,2
7517,2
7518,2
7519,2
7520,2
7521,2
7522,2
7523,2
7524,2
7525,2
7526,2
7527,2
7528,2
7529,2
7530,2
7531,2
7532,2
7533,2
7534,2
7535,2
7536,2
7537,2
7538,2
7539,2
7540,2
7541,2
7542,2
7543,2
7544,2
7545,2
7546,2
7547,2
7548,2
7549,2
7550,2
7551,2
7552,2
7553,2
7554,2
7555,2
7556,2
7557,2
7558,2
7559,2
7560,2
7561,2
7562,2
7563,2
7564,2
7565,2
7566,2
7567,2
7568,2
7569,2
7570,2
7571,2
7572,2
7573,2
7574,2
7575,2
7576,2
7577,2
7578,2
7579,2
7580,2
7581,2
7582,2
7583,2
7584,2
7585,2
7586,2
7587,2
7588,2
7589,2
7590,2
7591,2
7592,2
7593,2
7594,2
7595,2
7596,2
7597,2
7598,2
7599,2
7600,2
7601,2
7602,2
7603,2
7604,2
7605,2
7606,2
7607,2
7608,2
7609,2
7610,2
7611,2
7612,2
7613,2
7614,2
7615,2
7616,2
7617,2
7618,2
7619,2
7620,2
7621,2
7622,2
7623,2
7624,2
7625,2
7626,2
7627,2
7628,2
7629,2
7630,2
7631,2
7632,2
7633,2
7634,2
7635,2
7636,2
7637,2
7638,2
7639,2
7640,2
7641,2
7642,2
7643,2
7644,2
7645,2
7646,2
7647,2
7648,2
7649,2
7650,2
7651,2
7652,2
7653,2
7654,2
7655,2
7656,2
7657,2
7658,2
7659,2
7660,2
7661,2
7662,2
7663,2
7664,2
7665,2
7666,2
7667,2
7668,2
7669,2
7670,2
7671,2
7672,2
7673,2
7674,2
7675,2
7676,2
7677,2
7678,2
7679,2
7680,2
7681,2
7682,2
7683,2
7684,2
7685,2
7686,2
7687,2
7688,2
7689,2
7690,2
7691,2
7692,2
7693,2
7694,2
7695,2
7696,2
7697,2
7698,2
7699,2
7700,2
7701,2
7702,2
7703,2
7704,2
7705,2
7706,2
7707,2
7708,2
7709,2
7710,2
7711,2
7712,2
7713,2
7714,2
7715,2
7716,2
7717,2
7718,2
7719,2
7720,2
7721,2
7722,2
7723,2
7724,2
7725,2
7726,2
7727,2
7728,2
7729,2
7730,2
7731,2
7732,2
7733,2
7734,2
7735,2
7736,2
7737,2
7738,2
7739,2
7740,2
7741,2
7742,2
7743,2
7744,2
7745,2
7746,2
7747,2
7748,2
7749,2
7750,2
7751,2
7752,2
7753,2
7754,2
7755,2
7756,2
7757,2
7758,2
7759,2
7760,2
7761,2
7762,2
7763,2
7764,2
7765,2
7766,2
7767,2
7768,2
7769,2
7770,2
7771,2
7772,2
7773,2
7774,2
7775,2
7776,2
7777,2
7778,2
7779,2
7780,2
7781,2
7782,2
7783,2
7784,2
7785,2
7786,2
7787,2
7788,2
7789,2
7790,2
7791,2
7792,2
7793,2
7794,2
7795,2
7796,2
7797,2
7798,2
7799,2
7800,2
7801,2
7802,2
7803,2
7804,2
7805,2
7806,2
7807,2
7808,2
7809,2
7810,2
7811,2
7812,2
7813,2
7814,2
7815,2
7816,2
7817,2
7818,2
7819,2
7820,2
7821,2
7822,2
7823,2
7824,2
7825,2
7826,2
7827,2
7828,2
7829,2
7830,2
7831,2
7832,2
7833,2
7834,2
7835,2
7836,2
7837,2
7838,2
7839,2
7840,2
7841,2
7842,2
7843,2
7844,2
7845,2
7846,2
7847,2
7848,2
7849,2
7850,2
7851,2
7852,2
7853,2
7854,2
7855,2
7856,2
7857,2
7858,2
7859,2
7860,2
7861,2
7862,2
7863,2
7864,2
7865,2
7866,2
7867,2
7868,2
7869,2
7870,2
7871,2
7872,2
7873,2
7874,2
7875,2
7876,2
7877,2
7878,2
7879,2
7880,2
7881,2
7882,2
7883,2
7884,2
7885,2
7886,2
7887,2
7888,2
7889,2
7890,2
7891,2
7892,2
7893,2
7894,2
7895,2
7896,2
7897,2
7898,2
7899,2
7900,2
7901,2
7902,2
7903,2
7904,2
7905,2
7906,2
7907,2
7908,2
7909,2
7910,2
7911,2
7912,2
7913,2
7914,2
7915,2
7916,2
7917,2
7918,2
7919,2
7920,2
7921,2
7922,2
7923,2
7924,2
7925,2
7926,2
7927,2
7928,2
7929,2
7930,2
7931,2
7932,2
7933,2
7934,2
7935,2
7936,2
7937,2
7938,2
7939,2
7940,2
7941,2
7942,2
7943,2
7944,2
7945,2
7946,2
7947,2
7948,2
7949,2
7950,2
7951,2
7952,2
7953,2
7954,2
7955,2
7956,2
7957,2
7958,2
7959,2
7960,2
7961,2
7962,2
7963,2
7964,2
7965,2
7966,2
7967,2
7968,2
7969,2
7970,2
7971,2
7972,2
7973,2
7974,2
7975,2
7976,2
7977,2
7978,2
7979,2
7980,2
7981,2
7982,2
7983,2
7984,2
7985,2
7986,2
7987,2
7988,2
7989,2
7990,2
7991,2
7992,2
7993,2
7994,2
7995,2
7996,2
7997,2
7998,2
7999,2
8000,2
8001,2
8002,2
8003,2
8004,2
8005,2
8006,2
8007,2
8008,2
8009,2
8010,2
8011,2
8012,2
8013,2
8014,2
8015,2
8016,2
8017,2
8018,2
8019,2
8020,2
8021,2
8022,2
8023,2
8024,2
8025,2
8026,2
8027,2
8028,2
8029,2
8030,2
8031,2
8032,2
8033,2
8034,2
8035,2
8036,2
8037,2
8038,2
8039,2
8040,2
8041,2
8042,2
8043,2
8044,2
8045,2
8046,2
8047,2
8048,2
8049,2
8050,2
8051,2
8052,2
8053,2
8054,2
8055,2
8056,2
8057,2
8058,2
8059,2
8060,2
8061,2
8062,2
8063,2
8064,2
8065,2
8066,2
8067,2
8068,2
8069,2
8070,2
8071,2
8072,2
8073,2
8074,2
8075,2
8076,2
8077,2
8078,2
8079,2
8080,2
8081,2
8082,2
8083,2
8084,2
8085,2
8086,2
8087,2
8088,2
8089,2
8090,2
8091,2
8092,2
8093,2
8094,2
8095,2
8096,2
8097,2
8098,2
8099,2
8100,2
8101,2
8102,2
8103,2
8104,2
8105,2
8106,2
8107,2
8108,2
8109,2
8110,2
8111,2
8112,2
8113,2
8114,2
8115,2
8116,2
8117,2
8118,2
8119,2
8120,2
8121,2
8122,2
8123,2
8124,2
8125,2
8126,2
8127,2
8128,2
8129,2
8130,2
8131,2
8132,2
8133,2
8134,2
8135,2
8136,2
8137,2
8138,2
8139,2
8140,2
8141,2
8142,2
8143,2
8144,2
8145,2
8146,2
8147,2
8148,2
8149,2
8150,2
8151,2
8152,2
8153,2
8154,2
8155,2
8156,2
8157,2
8158,2
8159,2
8160,2
8161,2
8162,2
8163,2
8164,2
8165,2
8166,2
8167,2
8168,2
8169,2
8170,2
8171,2
8172,2
8173,2
8174,2
8175,2
8176,2
8177,2
8178,2
8179,2
8180,2
8181,2
8182,2
8183,2
8184,2
8185,2
8186,2
8187,2
8188,2
8189,2
8190,2
8191,2
8192,2
8193,2
8194,2
8195,2
8196,2
8197,2
8198,2
8199,2
8200,2
8201,2
8202,2
8203,2
8204,2
8205,2
8206,2
8207,2
8208,2
8209,2
8210,2
8211,2
8212,2
8213,2
8214,2
8215,2
8216,2
8217,2
8218,2
8219,2
8220,2
8221,2
8222,2
8223,2
8224,2
8225,2
8226,2
8227,2
8228,2
8229,2
8230,2
8231,2
8232,2
8233,2
8234,2
8235,2
8236,2
8237,2
8238,2
8239,2
8240,2
8241,2
8242,2
8243,2
8244,2
8245,2
8246,2
8247,2
8248,2
8249,2
8250,2
8251,2
8252,2
8253,2
8254,2
8255,2
8256,2
8257,2
8258,2
8259,2
8260,2
8261,2
8262,2
8263,2
8264,2
8265,2
8266,2
8267,2
8268,2
8269,2
8270,2
8271,2
8272,2
8273,2
8274,2
8275,2
8276,2
8277,2
8278,2
8279,2
8280,2
8281,2
8282,2
8283,2
8284,2
8285,2
8286,2
8287,2
8288,2
8289,2
8290,2
8291,2
8292,2
8293,2
8294,2
8295,2
8296,2
8297,2
8298,2
8299,2
8300,2
8301,2
8302,2
8303,2
8304,2
8305,2
8306,2
8307,2
8308,2
8309,2
8310,2
8311,2
8312,2
8313,2
8314,2
8315,2
8316,2
8317,2
8318,2
8319,2
8320,2
8321,2
8322,2
8323,2
8324,2
8325,2
8326,2
8327,2
8328,2
8329,2
8330,2
8331,2
8332,2
8333,2
8334,2
8335,2
8336,2
8337,2
8338,2
8339,2
8340,2
8341,2
8342,2
8343,2
8344,2
8345,2
8346,2
8347,2
8348,2
8349,2
8350,2
8351,2
8352,2
8353,2
8354,2
8355,2
8356,2
8357,2
8358,2
8359,2
8360,2
8361,2
8362,2
8363,2
8364,2
8365,2
8366,2
8367,2
8368,2
8369,2
8370,2
8371,2
8372,2
8373,2
8374,2
8375,2
8376,2
8377,2
8378,2
8379,2
8380,2
8381,2
8382,2
8383,2
8384,2
8385,2
8386,2
8387,2
8388,2
8389,2
8390,2
8391,2
8392,2
8393,2
8394,2
8395,2
8396,2
8397,2
8398,2
8399,2
8400,2
8401,2
8402,2
8403,2
8404,2
8405,2
8406,2
8407,2
8408,2
8409,2
8410,2
8411,2
8412,2
8413,2
8414,2
8415,2
8416,2
8417,2
8418,2
8419,2
8420,2
8421,2
8422,2
8423,2
8424,2
8425,2
8426,2
8427,2
8428,2
8429,2
8430,2
8431,2
8432,2
8433,2
8434,2
8435,2
8436,2
8437,2
8438,2
8439,2
8440,2
8441,2
8442,2
8443,2
8444,2
8445,2
8446,2
8447,2
8448,2
8449,2
8450,2
8451,2
8452,2
8453,2
8454,2
8455,2
8456,2
8457,2
8458,2
8459,2
8460,2
8461,2
8462,2
8463,2
8464,2
8465,2
8466,2
8467,2
8468,2
8469,2
8470,2
8471,2
8472,2
8473,2
8474,2
8475,2
8476,2
8477,2
8478,2
8479,2
8480,2
8481,2
8482,2
8483,2
8484,2
8485,2
8486,2
8487,2
8488,2
8489,2
8490,2
8491,2
8492,2
8493,2
8494,2
8495,2
8496,2
8497,2
8498,2
8499,2
8500,2
8501,2
8502,2
8503,2
8504,2
8505,2
8506,2
8507,2
8508,2
8509,2
8510,2
8511,2
8512,2
8513,2
8514,2
8515,2
8516,2
8517,2
8518,2
8519,2
8520,2
8521,2
8522,2
8523,2
8524,2
8525,2
8526,2
8527,2
8528,2
8529,2
8530,2
8531,2
8532,2
8533,2
8534,2
8535,2
8536,2
8537,2
8538,2
8539,2
8540,2
8541,2
8542,2
8543,2
8544,2
8545,2
8546,2
8547,2
8548,2
8549,2
8550,2
8551,2
8552,2
8553,2
8554,2
8555,2
8556,2
8557,2
8558,2
8559,2
8560,2
8561,2
8562,2
8563,2
8564,2
8565,2
8566,2
8567,2
8568,2
8569,2
8570,2
8571,2
8572,2
8573,2
8574,2
8575,2
8576,2
8577,2
8578,2
8579,2
8580,2
8581,2
8582,2
8583,2
8584,2
8585,2
8586,2
8587,2
8588,2
8589,2
8590,2
8591,2
8592,2
8593,2
8594,2
8595,2
8596,2
8597,2
8598,2
8599,2
8600,2
8601,2
8602,2
8603,2
8604,2
8605,2
8606,2
8607,2
8608,2
8609,2
8610,2
8611,2
8612,2
8613,2
8614,2
8615,2
8616,2
8617,2
8618,2
8619,2
8620,2
8621,2
8622,2
8623,2
8624,2
8625,2
8626,2
8627,2
8628,2
8629,2
8630,2
8631,2
8632,2
8633,2
8634,2
8635,2
8636,2
8637,2
8638,2
8639,2
8640,2
8641,2
8642,2
8643,2
8644,2
8645,2
8646,2
8647,2
8648,2
8649,2
8650,2
8651,2
8652,2
8653,2
8654,2
8655,2
8656,2
8657,2
8658,2
8659,2
8660,2
8661,2
8662,2
8663,2
8664,2
8665,2
8666,2
8667,2
8668,2
8669,2
8670,2
8671,2
8672,2
8673,2
8674,2
8675,2
8676,2
8677,2
8678,2
8679,2
8680,2
8681,2
8682,2
8683,2
8684,2
8685,2
8686,2
8687,2
8688,2
8689,2
8690,2
8691,2
8692,2
8693,2
8694,2
8695,2
8696,2
8697,2
8698,2
8699,2
8700,2
8701,2
8702,2
8703,2
8704,2
8705,2
8706,2
8707,2
8708,2
8709,2
8710,2
8711,2
8712,2
8713,2
8714,2
8715,2
8716,2
8717,2
8718,2
8719,2
8720,2
8721,2
8722,2
8723,2
8724,2
8725,2
8726,2
8727,2
8728,2
8729,2
8730,2
8731,2
8732,2
8733,2
8734,2
8735,2
8736,2
8737,2
8738,2
8739,2
8740,2
8741,2
8742,2
8743,2
8744,2
8745,2
8746,2
8747,2
8748,2
8749,2
8750,2
8751,2
8752,2
8753,2
8754,2
8755,2
8756,2
8757,2
8758,2
8759,2
8760,2
8761,2
8762,2
8763,2
8764,2
8765,2
8766,2
8767,2
8768,2
8769,2
8770,2
8771,2
8772,2
8773,2
8774,2
8775,2
8776,2
8777,2
8778,2
8779,2
8780,2
8781,2
8782,2
8783,2
8784,2
8785,2
8786,2
8787,2
8788,2
8789,2
8790,2
8791,2
8792,2
8793,2
8794,2
8795,2
8796,2
8797,2
8798,2
8799,2
8800,2
8801,2
8802,2
8803,2
8804,2
8805,2
8806,2
8807,2
8808,2
8809,2
8810,2
8811,2
8812,2
8813,2
8814,2
8815,2
8816,2
8817,2
8818,2
8819,2
8820,2
8821,2
8822,2
8823,2
8824,2
8825,2
8826,2
8827,2
8828,2
8829,2
8830,2
8831,2
8832,2
8833,2
8834,2
8835,2
8836,2
8837,2
8838,2
8839,2
8840,2
8841,2
8842,2
8843,2
8844,2
8845,2
8846,2
8847,2
8848,2
8849,2
8850,2
8851,2
8852,2
8853,2
8854,2
8855,2
8856,2
8857,2
8858,2
8859,2
8860,2
8861,2
8862,2
8863,2
8864,2
8865,2
8866,2
8867,2
8868,2
8869,2
8870,2
8871,2
8872,2
8873,2
8874,2
8875,2
8876,2
8877,2
8878,2
8879,2
8880,2
8881,2
8882,2
8883,2
8884,2
8885,2
8886,2
8887,2
8888,2
8889,2
8890,2
8891,2
8892,2
8893,2
8894,2
8895,2
8896,2
8897,2
8898,2
8899,2
8900,2
8901,2
8902,2
8903,2
8904,2
8905,2
8906,2
8907,2
8908,2
8909,2
8910,2
8911,2
8912,2
8913,2
8914,2
8915,2
8916,2
8917,2
8918,2
8919,2
8920,2
8921,2
8922,2
8923,2
8924,2
8925,2
8926,2
8927,2
8928,2
8929,2
8930,2
8931,2
8932,2
8933,2
8934,2
8935,2
8936,2
8937,2
8938,2
8939,2
8940,2
8941,2
8942,2
8943,2
8944,2
8945,2
8946,2
8947,2
8948,2
8949,2
8950,2
8951,2
8952,2
8953,2
8954,2
8955,2
8956,2
8957,2
8958,2
8959,2
8960,2
8961,2
8962,2
8963,2
8964,2
8965,2
8966,2
8967,2
8968,2
8969,2
8970,2
8971,2
8972,2
8973,2
8974,2
8975,2
8976,2
8977,2
8978,2
8979,2
8980,2
8981,2
8982,2
8983,2
8984,2
8985,2
8986,2
8987,2
8988,2
8989,2
8990,2
8991,2
8992,2
8993,2
8994,2
8995,2
8996,2
8997,2
8998,2
8999,2
9000,2
9001,2
9002,2
9003,2
9004,2
9005,2
9006,2
9007,2
9008,2
9009,2
9010,2
9011,2
9012,2
9013,2
9014,2
9015,2
9016,2
9017,2
9018,2
9019,2
9020,2
9021,2
9022,2
9023,2
9024,2
9025,2
9026,2
9027,2
9028,2
9029,2
9030,2
9031,2
9032,2
9033,2
9034,2
9035,2
9036,2
9037,2
9038,2
9039,2
9040,2
9041,2
9042,2
9043,2
9044,2
9045,2
9046,2
9047,2
9048,2
9049,2
9050,2
9051,2
9052,2
9053,2
9054,2
9055,2
9056,2
9057,2
9058,2
9059,2
9060,2
9061,2
9062,2
9063,2
9064,2
9065,2
9066,2
9067,2
9068,2
9069,2
9070,2
9071,2
9072,2
9073,2
9074,2
9075,2
9076,2
9077,2
9078,2
9079,2
9080,2
9081,2
9082,2
9083,2
9084,2
9085,2
9086,2
9087,2
9088,2
9089,2
9090,2
9091,2
9092,2
9093,2
9094,2
9095,2
9096,2
9097,2
9098,2
9099,2
9100,2
9101,2
9102,2
9103,2
9104,2
9105,2
9106,2
9107,2
9108,2
9109,2
9110,2
9111,2
9112,2
9113,2
9114,2
9115,2
9116,2
9117,2
9118,2
9119,2
9120,2
9121,2
9122,2
9123,2
9124,2
9125,2
9126,2
9127,2
9128,2
9129,2
9130,2
9131,2
9132,2
9133,2
9134,2
9135,2
9136,2
9137,2
9138,2
9139,2
9140,2
9141,2
9142,2
9143,2
9144,2
9145,2
9146,2
9147,2
9148,2
9149,2
9150,2
9151,2
9152,2
9153,2
9154,2
9155,2
9156,2
9157,2
9158,2
9159,2
9160,2
9161,2
9162,2
9163,2
9164,2
9165,2
9166,2
9167,2
9168,2
9169,2
9170,2
9171,2
9172,2
9173,2
9174,2
9175,2
9176,2
9177,2
9178,2
9179,2
9180,2
9181,2
9182,2
9183,2
9184,2
9185,2
9186,2
9187,2
9188,2
9189,2
9190,2
9191,2
9192,2
9193,2
9194,2
9195,2
9196,2
9197,2
9198,2
9199,2
9200,2
9201,2
9202,2
9203,2
9204,2
9205,2
9206,2
9207,2
9208,2
9209,2
9210,2
9211,2
9212,2
9213,2
9214,2
9215,2
9216,2
9217,2
9218,2
9219,2
9220,2
9221,2
9222,2
9223,2
9224,2
9225,2
9226,2
9227,2
9228,2
9229,2
9230,2
9231,2
9232,2
9233,2
9234,2
9235,2
9236,2
9237,2
9238,2
9239,2
9240,2
9241,2
9242,2
9243,2
9244,2
9245,2
9246,2
9247,2
9248,2
9249,2
9250,2
9251,2
9252,2
9253,2
9254,2
9255,2
9256,2
9257,2
9258,2
9259,2
9260,2
9261,2
9262,2
9263,2
9264,2
9265,2
9266,2
9267,2
9268,2
9269,2
9270,2
9271,2
9272,2
9273,2
9274,2
9275,2
9276,2
9277,2
9278,2
9279,2
9280,2
9281,2
9282,2
9283,2
9284,2
9285,2
9286,2
9287,2
9288,2
9289,2
9290,2
9291,2
9292,2
9293,2
9294,2
9295,2
9296,2
9297,2
9298,2
9299,2
9300,2
9301,2
9302,2
9303,2
9304,2
9305,2
9306,2
9307,2
9308,2
9309,2
9310,2
9311,2
9312,2
9313,2
9314,2
9315,2
9316,2
9317,2
9318,2
9319,2
9320,2
9321,2
9322,2
9323,2
9324,2
9325,2
9326,2
9327,2
9328,2
9329,2
9330,2
9331,2
9332,2
9333,2
9334,2
9335,2
9336,2
9337,2
9338,2
9339,2
9340,2
9341,2
9342,2
9343,2
9344,2
9345,2
9346,2
9347,2
9348,2
9349,2
9350,2
9351,2
9352,2
9353,2
9354,2
9355,2
9356,2
9357,2
9358,2
9359,2
9360,2
9361,2
9362,2
9363,2
9364,2
9365,2
9366,2
9367,2
9368,2
9369,2
9370,2
9371,2
9372,2
9373,2
9374,2
9375,2
9376,2
9377,2
9378,2
9379,2
9380,2
9381,2
9382,2
9383,2
9384,2
9385,2
9386,2
9387,2
9388,2
9389,2
9390,2
9391,2
9392,2
9393,2
9394,2
9395,2
9396,2
9397,2
9398,2
9399,2
9400,2
9401,2
9402,2
9403,2
9404,2
9405,2
9406,2
9407,2
9408,2
9409,2
9410,2
9411,2
9412,2
9413,2
9414,2
9415,2
9416,2
9417,2
9418,2
9419,2
9420,2
9421,2
9422,2
9423,2
9424,2
9425,2
9426,2
9427,2
9428,2
9429,2
9430,2
9431,2
9432,2
9433,2
9434,2
9435,2
9436,2
9437,2
9438,2
9439,2
9440,2
9441,2
9442,2
9443,2
9444,2
9445,2
9446,2
9447,2
9448,2
9449,2
9450,2
9451,2
9452,2
9453,2
9454,2
9455,2
9456,2
9457,2
9458,2
9459,2
9460,2
9461,2
9462,2
9463,2
9464,2
9465,2
9466,2
9467,2
9468,2
9469,2
9470,2
9471,2
9472,2
9473,2
9474,2
9475,2
9476,2
9477,2
9478,2
9479,2
9480,2
9481,2
9482,2
9483,2
9484,2
9485,2
9486,2
9487,2
9488,2
9489,2
9490,2
9491,2
9492,2
9493,2
9494,2
9495,2
9496,2
9497,2
9498,2
9499,2
9500,2
9501,2
9502,2
9503,2
9504,2
9505,2
9506,2
9507,2
9508,2
9509,2
9510,2
9511,2
9512,2
9513,2
9514,2
9515,2
9516,2
9517,2
9518,2
9519,2
9520,2
9521,2
9522,2
9523,2
9524,2
9525,2
9526,2
9527,2
9528,2
9529,2
9530,2
9531,2
9532,2
9533,2
9534,2
9535,2
9536,2
9537,2
9538,2
9539,2
9540,2
9541,2
9542,2
9543,2
9544,2
9545,2
9546,2
9547,2
9548,2
9549,2
9550,2
9551,2
9552,2
9553,2
9554,2
9555,2
9556,2
9557,2
9558,2
9559,2
9560,2
9561,2
9562,2
9563,2
9564,2
9565,2
9566,2
9567,2
9568,2
9569,2
9570,2
9571,2
9572,2
9573,2
9574,2
9575,2
9576,2
9577,2
9578,2
9579,2
9580,2
9581,2
9582,2
9583,2
9584,2
9585,2
9586,2
9587,2
9588,2
9589,2
9590,2
9591,2
9592,2
9593,2
9594,2
9595,2
9596,2
9597,2
9598,2
9599,2
9600,2
9601,2
9602,2
9603,2
9604,2
9605,2
9606,2
9607,2
9608,2
9609,2
9610,2
9611,2
9612,2
9613,2
9614,2
9615,2
9616,2
9617,2
9618,2
9619,2
9620,2
9621,2
9622,2
9623,2
9624,2
9625,2
9626,2
9627,2
9628,2
9629,2
9630,2
9631,2
9632,2
9633,2
9634,2
9635,2
9636,2
9637,2
9638,2
9639,2
9640,2
9641,2
9642,2
9643,2
9644,2
9645,2
9646,2
9647,2
9648,2
9649,2
9650,2
9651,2
9652,2
9653,2
9654,2
9655,2
9656,2
9657,2
9658,2
9659,2
9660,2
9661,2
9662,2
9663,2
9664,2
9665,2
9666,2
9667,2
9668,2
9669,2
9670,2
9671,2
9672,2
9673,2
9674,2
9675,2
9676,2
9677,2
9678,2
9679,2
9680,2
9681,2
9682,2
9683,2
9684,2
9685,2
9686,2
9687,2
9688,2
9689,2
9690,2
9691,2
9692,2
9693,2
9694,2
9695,2
9696,2
9697,2
9698,2
9699,2
9700,2
9701,2
9702,2
9703,2
9704,2
9705,2
9706,2
9707,2
9708,2
9709,2
9710,2
9711,2
9712,2
9713,2
9714,2
9715,2
9716,2
9717,2
9718,2
9719,2
9720,2
9721,2
9722,2
9723,2
9724,2
9725,2
9726,2
9727,2
9728,2
9729,2
9730,2
9731,2
9732,2
9733,2
9734,2
9735,2
9736,2
9737,2
9738,2
9739,2
9740,2
9741,2
9742,2
9743,2
9744,2
9745,2
9746,2
9747,2
9748,2
9749,2
9750,2
9751,2
9752,2
9753,2
9754,2
9755,2
9756,2
9757,2
9758,2
9759,2
9760,2
9761,2
9762,2
9763,2
9764,2
9765,2
9766,2
9767,2
9768,2
9769,2
9770,2
9771,2
9772,2
9773,2
9774,2
9775,2
9776,2
9777,2
9778,2
9779,2
9780,2
9781,2
9782,2
9783,2
9784,2
9785,2
9786,2
9787,2
9788,2
9789,2
9790,2
9791,2
9792,2
9793,2
9794,2
9795,2
9796,2
9797,2
9798,2
9799,2
9800,2
9801,2
9802,2
9803,2
9804,2
9805,2
9806,2
9807,2
9808,2
9809,2
9810,2
9811,2
9812,2
9813,2
9814,2
9815,2
9816,2
9817,2
9818,2
9819,2
9820,2
9821,2
9822,2
9823,2
9824,2
9825,2
9826,2
9827,2
9828,2
9829,2
9830,2
9831,2
9832,2
9833,2
9834,2
9835,2
9836,2
9837,2
9838,2
9839,2
9840,2
9841,2
9842,2
9843,2
9844,2
9845,2
9846,2
9847,2
9848,2
9849,2
9850,2
9851,2
9852,2
9853,2
9854,2
9855,2
9856,2
9857,2
9858,2
9859,2
9860,2
9861,2
9862,2
9863,2
9864,2
9865,2
9866,2
9867,2
9868,2
9869,2
9870,2
9871,2
9872,2
9873,2
9874,2
9875,2
9876,2
9877,2
9878,2
9879,2
9880,2
9881,2
9882,2
9883,2
9884,2
9885,2
9886,2
9887,2
9888,2
9889,2
9890,2
9891,2
9892,2
9893,2
9894,2
9895,2
9896,2
9897,2
9898,2
9899,2
9900,2
9901,2
9902,2
9903,2
9904,2
9905,2
9906,2
9907,2
9908,2
9909,2
9910,2
9911,2
9912,2
9913,2
9914,2
9915,2
9916,2
9917,2
9918,2
9919,2
9920,2
9921,2
9922,2
9923,2
9924,2
9925,2
9926,2
9927,2
9928,2
9929,2
9930,2
9931,2
9932,2
9933,2
9934,2
9935,2
9936,2
9937,2
9938,2
9939,2
9940,2
9941,2
9942,2
9943,2
9944,2
9945,2
9946,2
9947,2
9948,2
9949,2
9950,2
9951,2
9952,2
9953,2
9954,2
9955,2
9956,2
9957,2
9958,2
9959,2
9960,2
9961,2
9962,2
9963,2
9964,2
9965,2
9966,2
9967,2
9968,2
9969,2
9970,2
9971,2
9972,2
9973,2
9974,2
9975,2
9976,2
9977,2
9978,2
9979,2
9980,2
9981,2
9982,2
9983,2
9984,2
9985,2
9986,2
9987,2
9988,2
9989,2
9990,2
9991,2
9992,2
9993,2
9994,2
9995,2
9996,2
9997,2
9998,2
9999,2
10000,2
10001,2
10002,2
10003,2
10004,2
10005,2
10006,2
10007,2
10008,2
10009,2
10010,2
10011,2
10012,2
10013,2
10014,2
10015,2
10016,2
10017,2
10018,2
10019,2
10020,2
10021,2
10022,2
10023,2
10024,2
10025,2
10026,2
10027,2
10028,2
10029,2
10030,2
10031,2
10032,2
10033,2
10034,2
10035,2
10036,2
10037,2
10038,2
10039,2
10040,2
10041,2
10042,2
10043,2
10044,2
10045,2
10046,2
10047,2
10048,2
10049,2
10050,2
10051,2
10052,2
10053,2
10054,2
10055,2
10056,2
10057,2
10058,2
10059,2
10060,2
10061,2
10062,2
10063,2
10064,2
10065,2
10066,2
10067,2
10068,2
10069,2
10070,2
10071,2
10072,2
10073,2
10074,2
10075,2
10076,2
10077,2
10078,2
10079,2
10080,2
10081,2
10082,2
10083,2
10084,2
10085,2
10086,2
10087,2
10088,2
10089,2
10090,2
10091,2
10092,2
10093,2
10094,2
10095,2
10096,2
10097,2
10098,2
10099,2
10100,2
10101,2
10102,2
10103,2
10104,2
10105,2
10106,2
10107,2
10108,2
10109,2
10110,2
10111,2
10112,2
10113,2
10114,2
10115,2
10116,2
10117,2
10118,2
10119,2
10120,2
10121,2
10122,2
10123,2
10124,2
10125,2
10126,2
10127,2
10128,2
10129,2
10130,2
10131,2
10132,2
10133,2
10134,2
10135,2
10136,2
10137,2
10138,2
10139,2
10140,2
10141,2
10142,2
10143,2
10144,2
10145,2
10146,2
10147,2
10148,2
10149,2
10150,2
10151,2
10152,2
10153,2
10154,2
10155,2
10156,2
10157,2
10158,2
10159,2
10160,2
10161,2
10162,2
10163,2
10164,2
10165,2
10166,2
10167,2
10168,2
10169,2
10170,2
10171,2
10172,2
10173,2
10174,2
10175,2
10176,2
10177,2
10178,2
10179,2
10180,2
10181,2
10182,2
10183,2
10184,2
10185,2
10186,2
10187,2
10188,2
10189,2
10190,2
10191,2
10192,2
10193,2
10194,2
10195,2
10196,2
10197,2
10198,2
10199,2
10200,2
10201,2
10202,2
10203,2
10204,2
10205,2
10206,2
10207,2
10208,2
10209,2
10210,2
10211,2
10212,2
10213,2
10214,2
10215,2
10216,2
10217,2
10218,2
10219,2
10220,2
10221,2
10222,2
10223,2
10224,2
10225,2
10226,2
10227,2
10228,2
10229,2
10230,2
10231,2
10232,2
10233,2
10234,2
10235,2
10236,2
10237,2
10238,2
10239,2
10240,2
10241,2
10242,2
10243,2
10244,2
10245,2
10246,2
10247,2
10248,2
10249,2
10250,2
10251,2
10252,2
10253,2
10254,2
10255,2
10256,2
10257,2
10258,2
10259,2
10260,2
10261,2
10262,2
10263,2
10264,2
10265,2
10266,2
10267,2
10268,2
10269,2
10270,2
10271,2
10272,2
10273,2
10274,2
10275,2
10276,2
10277,2
10278,2
10279,2
10280,2
10281,2
10282,2
10283,2
10284,2
10285,2
10286,2
10287,2
10288,2
10289,2
10290,2
10291,2
10292,2
10293,2
10294,2
10295,2
10296,2
10297,2
10298,2
10299,2
10300,2
10301,2
10302,2
10303,2
10304,2
10305,2
10306,2
10307,2
10308,2
10309,2
10310,2
10311,2
10312,2
10313,2
10314,2
10315,2
10316,2
10317,2
10318,2
10319,2
10320,2
10321,2
10322,2
10323,2
10324,2
10325,2
10326,2
10327,2
10328,2
10329,2
10330,2
10331,2
10332,2
10333,2
10334,2
10335,2
10336,2
10337,2
10338,2
10339,2
10340,2
10341,2
10342,2
10343,2
10344,2
10345,2
10346,2
10347,2
10348,2
10349,2
10350,2
10351,2
10352,2
10353,2
10354,2
10355,2
10356,2
10357,2
10358,2
10359,2
10360,2
10361,2
10362,2
10363,2
10364,2
10365,2
10366,2
10367,2
10368,2
10369,2
10370,2
10371,2
10372,2
10373,2
10374,2
10375,2
10376,2
10377,2
10378,2
10379,2
10380,2
10381,2
10382,2
10383,2
10384,2
10385,2
10386,2
10387,2
10388,2
10389,2
10390,2
10391,2
10392,2
10393,2
10394,2
10395,2
10396,2
10397,2
10398,2
10399,2
10400,2
10401,2
10402,2
10403,2
10404,2
10405,2
10406,2
10407,2
10408,2
10409,2
10410,2
10411,2
10412,2
10413,2
10414,2
10415,2
10416,2
10417,2
10418,2
10419,2
10420,2
10421,2
10422,2
10423,2
10424,2
10425,2
10426,2
10427,2
10428,2
10429,2
10430,2
10431,2
10432,2
10433,2
10434,2
10435,2
10436,2
10437,2
10438,2
10439,2
10440,2
10441,2
10442,2
10443,2
10444,2
10445,2
10446,2
10447,2
10448,2
10449,2
10450,2
10451,2
10452,2
10453,2
10454,2
10455,2
10456,2
10457,2
10458,2
10459,2
10460,2
10461,2
10462,2
10463,2
10464,2
10465,2
10466,2
10467,2
10468,2
10469,2
10470,2
10471,2
10472,2
10473,2
10474,2
10475,2
10476,2
10477,2
10478,2
10479,2
10480,2
10481,2
10482,2
10483,2
10484,2
10485,2
10486,2
10487,2
10488,2
10489,2
10490,2
10491,2
10492,2
10493,2
10494,2
10495,2
10496,2
10497,2
10498,2
10499,2
10500,2
10501,2
10502,2
10503,2
10504,2
10505,2
10506,2
10507,2
10508,2
10509,2
10510,2
10511,2
10512,2
10513,2
10514,2
10515,2
10516,2
10517,2
10518,2
10519,2
10520,2
10521,2
10522,2
10523,2
10524,2
10525,2
10526,2
10527,2
10528,2
10529,2
10530,2
10531,2
10532,2
10533,2
10534,2
10535,2
10536,2
10537,2
10538,2
10539,2
10540,2
10541,2
10542,2
10543,2
10544,2
10545,2
10546,2
10547,2
10548,2
10549,2
10550,2
10551,2
10552,2
10553,2
10554,2
10555,2
10556,2
10557,2
10558,2
10559,2
10560,2
10561,2
10562,2
10563,2
10564,2
10565,2
10566,2
10567,2
10568,2
10569,2
10570,2
10571,2
10572,2
10573,2
10574,2
10575,2
10576,2
10577,2
10578,2
10579,2
10580,2
10581,2
10582,2
10583,2
10584,2
10585,2
10586,2
10587,2
10588,2
10589,2
10590,2
10591,2
10592,2
10593,2
10594,2
10595,2
10596,2
10597,2
10598,2
10599,2
10600,2
10601,2
10602,2
10603,2
10604,2
10605,2
10606,2
10607,2
10608,2
10609,2
10610,2
10611,2
10612,2
10613,2
10614,2
10615,2
10616,2
10617,2
10618,2
10619,2
10620,2
10621,2
10622,2
10623,2
10624,2
10625,2
10626,2
10627,2
10628,2
10629,2
10630,2
10631,2
10632,2
10633,2
10634,2
10635,2
10636,2
10637,2
10638,2
10639,2
10640,2
10641,2
10642,2
10643,2
10644,2
10645,2
10646,2
10647,2
10648,2
10649,2
10650,2
10651,2
10652,2
10653,2
10654,2
10655,2
10656,2
10657,2
10658,2
10659,2
10660,2
10661,2
10662,2
10663,2
10664,2
10665,2
10666,2
10667,2
10668,2
10669,2
10670,2
10671,2
10672,2
10673,2
10674,2
10675,2
10676,2
10677,2
10678,2
10679,2
10680,2
10681,2
10682,2
10683,2
10684,2
10685,2
10686,2
10687,2
10688,2
10689,2
10690,2
10691,2
10692,2
10693,2
10694,2
10695,2
10696,2
10697,2
10698,2
10699,2
10700,2
10701,2
10702,2
10703,2
10704,2
10705,2
10706,2
10707,2
10708,2
10709,2
10710,2
10711,2
10712,2
10713,2
10714,2
10715,2
10716,2
10717,2
10718,2
10719,2
10720,2
10721,2
10722,2
10723,2
10724,2
10725,2
10726,2
10727,2
10728,2
10729,2
10730,2
10731,2
10732,2
10733,2
10734,2
10735,2
10736,2
10737,2
10738,2
10739,2
10740,2
10741,2
10742,2
10743,2
10744,2
10745,2
10746,2
10747,2
10748,2
10749,2
10750,2
10751,2
10752,2
10753,2
10754,2
10755,2
10756,2
10757,2
10758,2
10759,2
10760,2
10761,2
10762,2
10763,2
10764,2
10765,2
10766,2
10767,2
10768,2
10769,2
10770,2
10771,2
10772,2
10773,2
10774,2
10775,2
10776,2
10777,2
10778,2
10779,2
10780,2
10781,2
10782,2
10783,2
10784,2
10785,2
10786,2
10787,2
10788,2
10789,2
10790,2
10791,2
10792,2
10793,2
10794,2
10795,2
10796,2
10797,2
10798,2
10799,2
10800,2
10801,2
10802,2
10803,2
10804,2
10805,2
10806,2
10807,2
10808,2
10809,2
10810,2
10811,2
10812,2
10813,2
10814,2
10815,2
10816,2
10817,2
10818,2
10819,2
10820,2
10821,2
10822,2
10823,2
10824,2
10825,2
10826,2
10827,2
10828,2
10829,2
10830,2
10831,2
10832,2
10833,2
10834,2
10835,2
10836,2
10837,2
10838,2
10839,2
10840,2
10841,2
10842,2
10843,2
10844,2
10845,2
10846,2
10847,2
10848,2
10849,2
10850,2
10851,2
10852,2
10853,2
10854,2
10855,2
10856,2
10857,2
10858,2
10859,2
10860,2
10861,2
10862,2
10863,2
10864,2
10865,2
10866,2
10867,2
10868,2
10869,2
10870,2
10871,2
10872,2
10873,2
10874,2
10875,2
10876,2
10877,2
10878,2
10879,2
10880,2
10881,2
10882,2
10883,2
10884,2
10885,2
10886,2
10887,2
10888,2
10889,2
10890,2
10891,2
10892,2
10893,2
10894,2
10895,2
10896,2
10897,2
10898,2
10899,2
10900,2
10901,2
10902,2
10903,2
10904,2
10905,2
10906,2
10907,2
10908,2
10909,2
10910,2
10911,2
10912,2
10913,2
10914,2
10915,2
10916,2
10917,2
10918,2
10919,2
10920,2
10921,2
10922,2
10923,2
10924,2
10925,2
10926,2
10927,2
10928,2
10929,2
10930,2
10931,2
10932,2
10933,2
10934,2
10935,2
10936,2
10937,2
10938,2
10939,2
10940,2
10941,2
10942,2
10943,2
10944,2
10945,2
10946,2
10947,2
10948,2
10949,2
10950,2
10951,2
10952,2
10953,2
10954,2
10955,2
10956,2
10957,2
10958,2
10959,2
10960,2
10961,2
10962,2
10963,2
10964,2
10965,2
10966,2
10967,2
10968,2
10969,2
10970,2
10971,2
10972,2
10973,2
10974,2
10975,2
10976,2
10977,2
10978,2
10979,2
10980,2
10981,2
10982,2
10983,2
10984,2
10985,2
10986,2
10987,2
10988,2
10989,2
10990,2
10991,2
10992,2
10993,2
10994,2
10995,2
10996,2
10997,2
10998,2
10999,2
11000,2
11001,2
11002,2
11003,2
11004,2
11005,2
11006,2
11007,2
11008,2
11009,2
11010,2
11011,2
11012,2
11013,2
11014,2
11015,2
11016,2
11017,2
11018,2
11019,2
11020,2
11021,2
11022,2
11023,2
11024,2
11025,2
11026,2
11027,2
11028,2
11029,2
11030,2
11031,2
11032,2
11033,2
11034,2
11035,2
11036,2
11037,2
11038,2
11039,2
11040,2
11041,2
11042,2
11043,2
11044,2
11045,2
11046,2
11047,2
11048,2
11049,2
11050,2
11051,2
11052,2
11053,2
11054,2
11055,2
11056,2
11057,2
11058,2
11059,2
11060,2
11061,2
11062,2
11063,2
11064,2
11065,2
11066,2
11067,2
11068,2
11069,2
11070,2
11071,2
11072,2
11073,2
11074,2
11075,2
11076,2
11077,2
11078,2
11079,2
11080,2
11081,2
11082,2
11083,2
11084,2
11085,2
11086,2
11087,2
11088,2
11089,2
11090,2
11091,2
11092,2
11093,2
11094,2
11095,2
11096,2
11097,2
11098,2
11099,2
11100,2
11101,2
11102,2
11103,2
11104,2
11105,2
11106,2
11107,2
11108,2
11109,2
11110,2
11111,2
11112,2
11113,2
11114,2
11115,2
11116,2
11117,2
11118,2
11119,2
11120,2
11121,2
11122,2
11123,2
11124,2
11125,2
11126,2
11127,2
11128,2
11129,2
11130,2
11131,2
11132,2
11133,2
11134,2
11135,2
11136,2
11137,2
11138,2
11139,2
11140,2
11141,2
11142,2
11143,2
11144,2
11145,2
11146,2
11147,2
11148,2
11149,2
11150,2
11151,2
11152,2
11153,2
11154,2
11155,2
11156,2
11157,2
11158,2
11159,2
11160,2
11161,2
11162,2
11163,2
11164,2
11165,2
11166,2
11167,2
11168,2
11169,2
11170,2
11171,2
11172,2
11173,2
11174,2
11175,2
11176,2
11177,2
11178,2
11179,2
11180,2
11181,2
11182,2
11183,2
11184,2
11185,2
11186,2
11187,2
11188,2
11189,2
11190,2
11191,2
11192,2
11193,2
11194,2
11195,2
11196,2
11197,2
11198,2
11199,2
11200,2
11201,2
11202,2
11203,2
11204,2
11205,2
11206,2
11207,2
11208,2
11209,2
11210,2
11211,2
11212,2
11213,2
11214,2
11215,2
11216,2
11217,2
11218,2
11219,2
11220,2
11221,2
11222,2
11223,2
11224,2
11225,2
11226,2
11227,2
11228,2
11229,2
11230,2
11231,2
11232,2
11233,2
11234,2
11235,2
11236,2
11237,2
11238,2
11239,2
11240,2
11241,2
11242,2
11243,2
11244,2
11245,2
11246,2
11247,2
11248,2
11249,2
11250,2
11251,2
11252,2
11253,2
11254,2
11255,2
11256,2
11257,2
11258,2
11259,2
11260,2
11261,2
11262,2
11263,2
11264,2
11265,2
11266,2
11267,2
11268,2
11269,2
11270,2
11271,2
11272,2
11273,2
11274,2
11275,2
11276,2
11277,2
11278,2
11279,2
11280,2
11281,2
11282,2
11283,2
11284,2
11285,2
11286,2
11287,2
11288,2
11289,2
11290,2
11291,2
11292,2
11293,2
11294,2
11295,2
11296,2
11297,2
11298,2
11299,2
11300,2
11301,2
11302,2
11303,2
11304,2
11305,2
11306,2
11307,2
11308,2
11309,2
11310,2
11311,2
11312,2
11313,2
11314,2
11315,2
11316,2
11317,2
11318,2
11319,2
11320,2
11321,2
11322,2
11323,2
11324,2
11325,2
11326,2
11327,2
11328,2
11329,2
11330,2
11331,2
11332,2
11333,2
11334,2
11335,2
11336,2
11337,2
11338,2
11339,2
11340,2
11341,2
11342,2
11343,2
11344,2
11345,2
11346,2
11347,2
11348,2
11349,2
11350,2
11351,2
11352,2
11353,2
11354,2
11355,2
11356,2
11357,2
11358,2
11359,2
11360,2
11361,2
11362,2
11363,2
11364,2
11365,2
11366,2
11367,2
11368,2
11369,2
11370,2
11371,2
11372,2
11373,2
11374,2
11375,2
11376,2
11377,2
11378,2
11379,2
11380,2
11381,2
11382,2
11383,2
11384,2
11385,2
11386,2
11387,2
11388,2
11389,2
11390,2
11391,2
11392,2
11393,2
11394,2
11395,2
11396,2
11397,2
11398,2
11399,2
11400,2
11401,2
11402,2
11403,2
11404,2
11405,2
11406,2
11407,2
11408,2
11409,2
11410,2
11411,2
11412,2
11413,2
11414,2
11415,2
11416,2
11417,2
11418,2
11419,2
11420,2
11421,2
11422,2
11423,2
11424,2
11425,2
11426,2
11427,2
11428,2
11429,2
11430,2
11431,2
11432,2
11433,2
11434,2
11435,2
11436,2
11437,2
11438,2
11439,2
11440,2
11441,2
11442,2
11443,2
11444,2
11445,2
11446,2
11447,2
11448,2
11449,2
11450,2
11451,2
11452,2
11453,2
11454,2
11455,2
11456,2
11457,2
11458,2
11459,2
11460,2
11461,2
11462,2
11463,2
11464,2
11465,2
11466,2
11467,2
11468,2
11469,2
11470,2
11471,2
11472,2
11473,2
11474,2
11475,2
11476,2
11477,2
11478,2
11479,2
11480,2
11481,2
11482,2
11483,2
11484,2
11485,2
11486,2
11487,2
11488,2
11489,2
11490,2
11491,2
11492,2
11493,2
11494,2
11495,2
11496,2
11497,2
11498,2
11499,2
11500,2
11501,2
11502,2
11503,2
11504,2
11505,2
11506,2
11507,2
11508,2
11509,2
11510,2
11511,2
11512,2
11513,2
11514,2
11515,2
11516,2
11517,2
11518,2
11519,2
11520,2
11521,2
11522,2
11523,2
11524,2
11525,2
11526,2
11527,2
11528,2
11529,2
11530,2
11531,2
11532,2
11533,2
11534,2
11535,2
11536,2
11537,2
11538,2
11539,2
11540,2
11541,2
11542,2
11543,2
11544,2
11545,2
11546,2
11547,2
11548,2
11549,2
11550,2
11551,2
11552,2
11553,2
11554,2
11555,2
11556,2
11557,2
11558,2
11559,2
11560,2
11561,2
11562,2
11563,2
11564,2
11565,2
11566,2
11567,2
11568,2
11569,2
11570,2
11571,2
11572,2
11573,2
11574,2
11575,2
11576,2
11577,2
11578,2
11579,2
11580,2
11581,2
11582,2
11583,2
11584,2
11585,2
11586,2
11587,2
11588,2
11589,2
11590,2
11591,2
11592,2
11593,2
11594,2
11595,2
11596,2
11597,2
11598,2
11599,2
11600,2
11601,2
11602,2
11603,2
11604,2
11605,2
11606,2
11607,2
11608,2
11609,2
11610,2
11611,2
11612,2
11613,2
11614,2
11615,2
11616,2
11617,2
11618,2
11619,2
11620,2
11621,2
11622,2
11623,2
11624,2
11625,2
11626,2
11627,2
11628,2
11629,2
11630,2
11631,2
11632,2
11633,2
11634,2
11635,2
11636,2
11637,2
11638,2
11639,2
11640,2
11641,2
11642,2
11643,2
11644,2
11645,2
11646,2
11647,2
11648,2
11649,2
11650,2
11651,2
11652,2
11653,2
11654,2
11655,2
11656,2
11657,2
11658,2
11659,2
11660,2
11661,2
11662,2
11663,2
11664,2
11665,2
11666,2
11667,2
11668,2
11669,2
11670,2
11671,2
11672,2
11673,2
11674,2
11675,2
11676,2
11677,2
11678,2
11679,2
11680,2
11681,2
11682,2
11683,2
11684,2
11685,2
11686,2
11687,2
11688,2
11689,2
11690,2
11691,2
11692,2
11693,2
11694,2
11695,2
11696,2
11697,2
11698,2
11699,2
11700,2
11701,2
11702,2
11703,2
11704,2
11705,2
11706,2
11707,2
11708,2
11709,2
11710,2
11711,2
11712,2
11713,2
11714,2
11715,2
11716,2
11717,2
11718,2
11719,2
11720,2
11721,2
11722,2
11723,2
11724,2
11725,2
11726,2
11727,2
11728,2
11729,2
11730,2
11731,2
11732,2
11733,2
11734,2
11735,2
11736,2
11737,2
11738,2
11739,2
11740,2
11741,2
11742,2
11743,2
11744,2
11745,2
11746,2
11747,2
11748,2
11749,2
11750,2
11751,2
11752,2
11753,2
11754,2
11755,2
11756,2
11757,2
11758,2
11759,2
11760,2
11761,2
11762,2
11763,2
11764,2
11765,2
11766,2
11767,2
11768,2
11769,2
11770,2
11771,2
11772,2
11773,2
11774,2
11775,2
11776,2
11777,2
11778,2
11779,2
11780,2
11781,2
11782,2
11783,2
11784,2
11785,2
11786,2
11787,2
11788,2
11789,2
11790,2
11791,2
11792,2
11793,2
11794,2
11795,2
11796,2
11797,2
11798,2
11799,2
11800,2
11801,2
11802,2
11803,2
11804,2
11805,2
11806,2
11807,2
11808,2
11809,2
11810,2
11811,2
11812,2
11813,2
11814,2
11815,2
11816,2
11817,2
11818,2
11819,2
11820,2
11821,2
11822,2
11823,2
11824,2
11825,2
11826,2
11827,2
11828,2
11829,2
11830,2
11831,2
11832,2
11833,2
11834,2
11835,2
11836,2
11837,2
11838,2
11839,2
11840,2
11841,2
11842,2
11843,2
11844,2
11845,2
11846,2
11847,2
11848,2
11849,2
11850,2
11851,2
11852,2
11853,2
11854,2
11855,2
11856,2
11857,2
11858,2
11859,2
11860,2
11861,2
11862,2
11863,2
11864,2
11865,2
11866,2
11867,2
11868,2
11869,2
11870,2
11871,2
11872,2
11873,2
11874,2
11875,2
11876,2
11877,2
